# Solver: GJ
# RadialSteps: 20
# AngularSteps: 50
# DeltaR: 2.450000000000e-03
# DeltaTheta: 1.256637061436e-01
# Tolerance: 1.000000000000e-10
# MaximumIterations: 250000
# Iterations: 250000
# Converged: False
# ResidualNorm: 1.741419441446e-03
# UnifiedIndex	RadialIndex	AngularIndex	Radius	Theta	X	Y	Temperature
0	0	0	1.000000000000e-03	0.000000000000e+00	1.000000000000e-03	0.000000000000e+00	5.042090425374e+01
1	0	1	1.000000000000e-03	1.256637061436e-01	9.921147013145e-04	1.253332335643e-04	5.042399006242e+01
2	0	2	1.000000000000e-03	2.513274122872e-01	9.685831611286e-04	2.486898871649e-04	5.042703439933e+01
3	0	3	1.000000000000e-03	3.769911184308e-01	9.297764858883e-04	3.681245526847e-04	5.042998874294e+01
4	0	4	1.000000000000e-03	5.026548245744e-01	8.763066800439e-04	4.817536741017e-04	5.043280568672e+01
5	0	5	1.000000000000e-03	6.283185307180e-01	8.090169943749e-04	5.877852522925e-04	5.043543973837e+01
6	0	6	1.000000000000e-03	7.539822368616e-01	7.289686274214e-04	6.845471059287e-04	5.043784810478e+01
7	0	7	1.000000000000e-03	8.796459430051e-01	6.374239897487e-04	7.705132427758e-04	5.043999144597e+01
8	0	8	1.000000000000e-03	1.005309649149e+00	5.358267949790e-04	8.443279255020e-04	5.044183458102e+01
9	0	9	1.000000000000e-03	1.130973355292e+00	4.257792915651e-04	9.048270524660e-04	5.044334712948e+01
10	0	10	1.000000000000e-03	1.256637061436e+00	3.090169943749e-04	9.510565162952e-04	5.044450407274e+01
11	0	11	1.000000000000e-03	1.382300767580e+00	1.873813145857e-04	9.822872507287e-04	5.044528622135e+01
12	0	12	1.000000000000e-03	1.507964473723e+00	6.279051952931e-05	9.980267284283e-04	5.044568057656e+01
13	0	13	1.000000000000e-03	1.633628179867e+00	-6.279051952931e-05	9.980267284283e-04	5.044568057656e+01
14	0	14	1.000000000000e-03	1.759291886010e+00	-1.873813145857e-04	9.822872507287e-04	5.044528622135e+01
15	0	15	1.000000000000e-03	1.884955592154e+00	-3.090169943749e-04	9.510565162952e-04	5.044450407274e+01
16	0	16	1.000000000000e-03	2.010619298297e+00	-4.257792915651e-04	9.048270524660e-04	5.044334712948e+01
17	0	17	1.000000000000e-03	2.136283004441e+00	-5.358267949790e-04	8.443279255020e-04	5.044183458102e+01
18	0	18	1.000000000000e-03	2.261946710585e+00	-6.374239897487e-04	7.705132427758e-04	5.043999144597e+01
19	0	19	1.000000000000e-03	2.387610416728e+00	-7.289686274214e-04	6.845471059287e-04	5.043784810478e+01
20	0	20	1.000000000000e-03	2.513274122872e+00	-8.090169943749e-04	5.877852522925e-04	5.043543973837e+01
21	0	21	1.000000000000e-03	2.638937829015e+00	-8.763066800439e-04	4.817536741017e-04	5.043280568672e+01
22	0	22	1.000000000000e-03	2.764601535159e+00	-9.297764858883e-04	3.681245526847e-04	5.042998874294e+01
23	0	23	1.000000000000e-03	2.890265241303e+00	-9.685831611286e-04	2.486898871649e-04	5.042703439933e+01
24	0	24	1.000000000000e-03	3.015928947446e+00	-9.921147013145e-04	1.253332335643e-04	5.042399006242e+01
25	0	25	1.000000000000e-03	3.141592653590e+00	-1.000000000000e-03	-3.216245299353e-19	5.042090425374e+01
26	0	26	1.000000000000e-03	3.267256359733e+00	-9.921147013145e-04	-1.253332335643e-04	5.041782581218e+01
27	0	27	1.000000000000e-03	3.392920065877e+00	-9.685831611286e-04	-2.486898871649e-04	5.041480311275e+01
28	0	28	1.000000000000e-03	3.518583772021e+00	-9.297764858883e-04	-3.681245526847e-04	5.041188331472e+01
29	0	29	1.000000000000e-03	3.644247478164e+00	-8.763066800439e-04	-4.817536741017e-04	5.040911165028e+01
30	0	30	1.000000000000e-03	3.769911184308e+00	-8.090169943749e-04	-5.877852522925e-04	5.040653076281e+01
31	0	31	1.000000000000e-03	3.895574890451e+00	-7.289686274214e-04	-6.845471059287e-04	5.040418010193e+01
32	0	32	1.000000000000e-03	4.021238596595e+00	-6.374239897487e-04	-7.705132427758e-04	5.040209538034e+01
33	0	33	1.000000000000e-03	4.146902302739e+00	-5.358267949790e-04	-8.443279255020e-04	5.040030809620e+01
34	0	34	1.000000000000e-03	4.272566008882e+00	-4.257792915651e-04	-9.048270524660e-04	5.039884512294e+01
35	0	35	1.000000000000e-03	4.398229715026e+00	-3.090169943749e-04	-9.510565162952e-04	5.039772836770e+01
36	0	36	1.000000000000e-03	4.523893421169e+00	-1.873813145857e-04	-9.822872507287e-04	5.039697449865e+01
37	0	37	1.000000000000e-03	4.649557127313e+00	-6.279051952931e-05	-9.980267284283e-04	5.039659474090e+01
38	0	38	1.000000000000e-03	4.775220833456e+00	6.279051952931e-05	-9.980267284283e-04	5.039659474090e+01
39	0	39	1.000000000000e-03	4.900884539600e+00	1.873813145857e-04	-9.822872507287e-04	5.039697449865e+01
40	0	40	1.000000000000e-03	5.026548245744e+00	3.090169943749e-04	-9.510565162952e-04	5.039772836770e+01
41	0	41	1.000000000000e-03	5.152211951887e+00	4.257792915651e-04	-9.048270524660e-04	5.039884512294e+01
42	0	42	1.000000000000e-03	5.277875658031e+00	5.358267949790e-04	-8.443279255020e-04	5.040030809620e+01
43	0	43	1.000000000000e-03	5.403539364174e+00	6.374239897487e-04	-7.705132427758e-04	5.040209538034e+01
44	0	44	1.000000000000e-03	5.529203070318e+00	7.289686274214e-04	-6.845471059287e-04	5.040418010193e+01
45	0	45	1.000000000000e-03	5.654866776462e+00	8.090169943749e-04	-5.877852522925e-04	5.040653076281e+01
46	0	46	1.000000000000e-03	5.780530482605e+00	8.763066800439e-04	-4.817536741017e-04	5.040911165028e+01
47	0	47	1.000000000000e-03	5.906194188749e+00	9.297764858883e-04	-3.681245526847e-04	5.041188331472e+01
48	0	48	1.000000000000e-03	6.031857894892e+00	9.685831611286e-04	-2.486898871649e-04	5.041480311275e+01
49	0	49	1.000000000000e-03	6.157521601036e+00	9.921147013145e-04	-1.253332335643e-04	5.041782581218e+01
50	1	0	3.450000000000e-03	0.000000000000e+00	3.450000000000e-03	0.000000000000e+00	5.041962667720e+01
51	1	1	3.450000000000e-03	1.256637061436e-01	3.422795719535e-03	4.323996557968e-04	5.043199462933e+01
52	1	2	3.450000000000e-03	2.513274122872e-01	3.341611905894e-03	8.579801107187e-04	5.044426079050e+01
53	1	3	3.450000000000e-03	3.769911184308e-01	3.207728876314e-03	1.270029706762e-03	5.045622504923e+01
54	1	4	3.450000000000e-03	5.026548245744e-01	3.023258046151e-03	1.662050175651e-03	5.046768809451e+01
55	1	5	3.450000000000e-03	6.283185307180e-01	2.791108630594e-03	2.027859120409e-03	5.047845524802e+01
56	1	6	3.450000000000e-03	7.539822368616e-01	2.514941764604e-03	2.361687515454e-03	5.048834042931e+01
57	1	7	3.450000000000e-03	8.796459430051e-01	2.199112764633e-03	2.658270687576e-03	5.049717012957e+01
58	1	8	3.450000000000e-03	1.005309649149e+00	1.848602442678e-03	2.912931342982e-03	5.050478726213e+01
59	1	9	3.450000000000e-03	1.130973355292e+00	1.468938555900e-03	3.121653331008e-03	5.051105475723e+01
60	1	10	3.450000000000e-03	1.256637061436e+00	1.066108630594e-03	3.281144981218e-03	5.051585877518e+01
61	1	11	3.450000000000e-03	1.382300767580e+00	6.464655353207e-04	3.388891015014e-03	5.051911142452e+01
62	1	12	3.450000000000e-03	1.507964473723e+00	2.166272923761e-04	3.443192213078e-03	5.052075288911e+01
63	1	13	3.450000000000e-03	1.633628179867e+00	-2.166272923761e-04	3.443192213078e-03	5.052075288911e+01
64	1	14	3.450000000000e-03	1.759291886010e+00	-6.464655353208e-04	3.388891015014e-03	5.051911142452e+01
65	1	15	3.450000000000e-03	1.884955592154e+00	-1.066108630594e-03	3.281144981218e-03	5.051585877518e+01
66	1	16	3.450000000000e-03	2.010619298297e+00	-1.468938555900e-03	3.121653331008e-03	5.051105475723e+01
67	1	17	3.450000000000e-03	2.136283004441e+00	-1.848602442678e-03	2.912931342982e-03	5.050478726213e+01
68	1	18	3.450000000000e-03	2.261946710585e+00	-2.199112764633e-03	2.658270687576e-03	5.049717012957e+01
69	1	19	3.450000000000e-03	2.387610416728e+00	-2.514941764604e-03	2.361687515454e-03	5.048834042931e+01
70	1	20	3.450000000000e-03	2.513274122872e+00	-2.791108630594e-03	2.027859120409e-03	5.047845524802e+01
71	1	21	3.450000000000e-03	2.638937829015e+00	-3.023258046151e-03	1.662050175651e-03	5.046768809451e+01
72	1	22	3.450000000000e-03	2.764601535159e+00	-3.207728876314e-03	1.270029706762e-03	5.045622504923e+01
73	1	23	3.450000000000e-03	2.890265241303e+00	-3.341611905894e-03	8.579801107187e-04	5.044426079050e+01
74	1	24	3.450000000000e-03	3.015928947446e+00	-3.422795719535e-03	4.323996557968e-04	5.043199462933e+01
75	1	25	3.450000000000e-03	3.141592653590e+00	-3.450000000000e-03	-1.109604628277e-18	5.041962667720e+01
76	1	26	3.450000000000e-03	3.267256359733e+00	-3.422795719535e-03	-4.323996557968e-04	5.040735425585e+01
77	1	27	3.450000000000e-03	3.392920065877e+00	-3.341611905894e-03	-8.579801107187e-04	5.039536863695e+01
78	1	28	3.450000000000e-03	3.518583772021e+00	-3.207728876314e-03	-1.270029706762e-03	5.038385217408e+01
79	1	29	3.450000000000e-03	3.644247478164e+00	-3.023258046151e-03	-1.662050175651e-03	5.037297586123e+01
80	1	30	3.450000000000e-03	3.769911184308e+00	-2.791108630594e-03	-2.027859120409e-03	5.036289732511e+01
81	1	31	3.450000000000e-03	3.895574890451e+00	-2.514941764604e-03	-2.361687515454e-03	5.035375923424e+01
82	1	32	3.450000000000e-03	4.021238596595e+00	-2.199112764633e-03	-2.658270687576e-03	5.034568808818e+01
83	1	33	3.450000000000e-03	4.146902302739e+00	-1.848602442678e-03	-2.912931342982e-03	5.033879333671e+01
84	1	34	3.450000000000e-03	4.272566008882e+00	-1.468938555899e-03	-3.121653331008e-03	5.033316677114e+01
85	1	35	3.450000000000e-03	4.398229715026e+00	-1.066108630594e-03	-3.281144981218e-03	5.032888212823e+01
86	1	36	3.450000000000e-03	4.523893421169e+00	-6.464655353208e-04	-3.388891015014e-03	5.032599485013e+01
87	1	37	3.450000000000e-03	4.649557127313e+00	-2.166272923761e-04	-3.443192213078e-03	5.032454195102e+01
88	1	38	3.450000000000e-03	4.775220833456e+00	2.166272923761e-04	-3.443192213078e-03	5.032454195102e+01
89	1	39	3.450000000000e-03	4.900884539600e+00	6.464655353208e-04	-3.388891015014e-03	5.032599485013e+01
90	1	40	3.450000000000e-03	5.026548245744e+00	1.066108630594e-03	-3.281144981218e-03	5.032888212823e+01
91	1	41	3.450000000000e-03	5.152211951887e+00	1.468938555900e-03	-3.121653331008e-03	5.033316677114e+01
92	1	42	3.450000000000e-03	5.277875658031e+00	1.848602442678e-03	-2.912931342982e-03	5.033879333671e+01
93	1	43	3.450000000000e-03	5.403539364174e+00	2.199112764633e-03	-2.658270687576e-03	5.034568808818e+01
94	1	44	3.450000000000e-03	5.529203070318e+00	2.514941764604e-03	-2.361687515454e-03	5.035375923424e+01
95	1	45	3.450000000000e-03	5.654866776462e+00	2.791108630594e-03	-2.027859120409e-03	5.036289732511e+01
96	1	46	3.450000000000e-03	5.780530482605e+00	3.023258046151e-03	-1.662050175651e-03	5.037297586123e+01
97	1	47	3.450000000000e-03	5.906194188749e+00	3.207728876314e-03	-1.270029706762e-03	5.038385217408e+01
98	1	48	3.450000000000e-03	6.031857894892e+00	3.341611905894e-03	-8.579801107187e-04	5.039536863695e+01
99	1	49	3.450000000000e-03	6.157521601036e+00	3.422795719535e-03	-4.323996557968e-04	5.040735425585e+01
100	2	0	5.900000000000e-03	0.000000000000e+00	5.900000000000e-03	0.000000000000e+00	5.041678267017e+01
101	2	1	5.900000000000e-03	1.256637061436e-01	5.853476737755e-03	7.394660780294e-04	5.043821868740e+01
102	2	2	5.900000000000e-03	2.513274122872e-01	5.714640650659e-03	1.467270334273e-03	5.045958995315e+01
103	2	3	5.900000000000e-03	3.769911184308e-01	5.485681266741e-03	2.171934860840e-03	5.048053959659e+01
104	2	4	5.900000000000e-03	5.026548245744e-01	5.170209412259e-03	2.842346677200e-03	5.050070569343e+01
105	2	5	5.900000000000e-03	6.283185307180e-01	4.773200266812e-03	3.467932988526e-03	5.051972911464e+01
106	2	6	5.900000000000e-03	7.539822368616e-01	4.300914901786e-03	4.038827924979e-03	5.053726193201e+01
107	2	7	5.900000000000e-03	8.796459430051e-01	3.760801539517e-03	4.546028132377e-03	5.055297603504e+01
108	2	8	5.900000000000e-03	1.005309649149e+00	3.161378090376e-03	4.981534760462e-03	5.056657159824e+01
109	2	9	5.900000000000e-03	1.130973355292e+00	2.512097820234e-03	5.338479609550e-03	5.057778504859e+01
110	2	10	5.900000000000e-03	1.256637061436e+00	1.823200266812e-03	5.611233446141e-03	5.058639621345e+01
111	2	11	5.900000000000e-03	1.382300767580e+00	1.105549756056e-03	5.795494779299e-03	5.059223437380e+01
112	2	12	5.900000000000e-03	1.507964473723e+00	3.704640652229e-04	5.888357697727e-03	5.059518299964e+01
113	2	13	5.900000000000e-03	1.633628179867e+00	-3.704640652229e-04	5.888357697727e-03	5.059518299964e+01
114	2	14	5.900000000000e-03	1.759291886010e+00	-1.105549756056e-03	5.795494779299e-03	5.059223437380e+01
115	2	15	5.900000000000e-03	1.884955592154e+00	-1.823200266812e-03	5.611233446141e-03	5.058639621345e+01
116	2	16	5.900000000000e-03	2.010619298297e+00	-2.512097820234e-03	5.338479609550e-03	5.057778504859e+01
117	2	17	5.900000000000e-03	2.136283004441e+00	-3.161378090376e-03	4.981534760462e-03	5.056657159824e+01
118	2	18	5.900000000000e-03	2.261946710585e+00	-3.760801539517e-03	4.546028132377e-03	5.055297603504e+01
119	2	19	5.900000000000e-03	2.387610416728e+00	-4.300914901786e-03	4.038827924979e-03	5.053726193201e+01
120	2	20	5.900000000000e-03	2.513274122872e+00	-4.773200266812e-03	3.467932988526e-03	5.051972911464e+01
121	2	21	5.900000000000e-03	2.638937829015e+00	-5.170209412259e-03	2.842346677200e-03	5.050070569343e+01
122	2	22	5.900000000000e-03	2.764601535159e+00	-5.485681266741e-03	2.171934860840e-03	5.048053959659e+01
123	2	23	5.900000000000e-03	2.890265241303e+00	-5.714640650659e-03	1.467270334273e-03	5.045958995315e+01
124	2	24	5.900000000000e-03	3.015928947446e+00	-5.853476737755e-03	7.394660780294e-04	5.043821868740e+01
125	2	25	5.900000000000e-03	3.141592653590e+00	-5.900000000000e-03	-1.897584726618e-18	5.041678267017e+01
126	2	26	5.900000000000e-03	3.267256359733e+00	-5.853476737755e-03	-7.394660780294e-04	5.039562672737e+01
127	2	27	5.900000000000e-03	3.392920065877e+00	-5.714640650659e-03	-1.467270334273e-03	5.037507773374e+01
128	2	28	5.900000000000e-03	3.518583772021e+00	-5.485681266741e-03	-2.171934860840e-03	5.035543992599e+01
129	2	29	5.900000000000e-03	3.644247478164e+00	-5.170209412259e-03	-2.842346677200e-03	5.033699146817e+01
130	2	30	5.900000000000e-03	3.769911184308e+00	-4.773200266812e-03	-3.467932988526e-03	5.031998220585e+01
131	2	31	5.900000000000e-03	3.895574890451e+00	-4.300914901786e-03	-4.038827924979e-03	5.030463246778e+01
132	2	32	5.900000000000e-03	4.021238596595e+00	-3.760801539517e-03	-4.546028132377e-03	5.029113272097e+01
133	2	33	5.900000000000e-03	4.146902302739e+00	-3.161378090376e-03	-4.981534760462e-03	5.027964385981e+01
134	2	34	5.900000000000e-03	4.272566008882e+00	-2.512097820234e-03	-5.338479609550e-03	5.027029790765e+01
135	2	35	5.900000000000e-03	4.398229715026e+00	-1.823200266812e-03	-5.611233446141e-03	5.026319892588e+01
136	2	36	5.900000000000e-03	4.523893421169e+00	-1.105549756056e-03	-5.795494779299e-03	5.025842395391e+01
137	2	37	5.900000000000e-03	4.649557127313e+00	-3.704640652229e-04	-5.888357697727e-03	5.025602383716e+01
138	2	38	5.900000000000e-03	4.775220833456e+00	3.704640652230e-04	-5.888357697727e-03	5.025602383716e+01
139	2	39	5.900000000000e-03	4.900884539600e+00	1.105549756056e-03	-5.795494779299e-03	5.025842395391e+01
140	2	40	5.900000000000e-03	5.026548245744e+00	1.823200266812e-03	-5.611233446141e-03	5.026319892588e+01
141	2	41	5.900000000000e-03	5.152211951887e+00	2.512097820234e-03	-5.338479609550e-03	5.027029790765e+01
142	2	42	5.900000000000e-03	5.277875658031e+00	3.161378090376e-03	-4.981534760462e-03	5.027964385981e+01
143	2	43	5.900000000000e-03	5.403539364174e+00	3.760801539517e-03	-4.546028132377e-03	5.029113272097e+01
144	2	44	5.900000000000e-03	5.529203070318e+00	4.300914901786e-03	-4.038827924979e-03	5.030463246778e+01
145	2	45	5.900000000000e-03	5.654866776462e+00	4.773200266812e-03	-3.467932988526e-03	5.031998220585e+01
146	2	46	5.900000000000e-03	5.780530482605e+00	5.170209412259e-03	-2.842346677200e-03	5.033699146817e+01
147	2	47	5.900000000000e-03	5.906194188749e+00	5.485681266741e-03	-2.171934860840e-03	5.035543992599e+01
148	2	48	5.900000000000e-03	6.031857894892e+00	5.714640650659e-03	-1.467270334273e-03	5.037507773374e+01
149	2	49	5.900000000000e-03	6.157521601036e+00	5.853476737755e-03	-7.394660780294e-04	5.039562672737e+01
150	3	0	8.350000000000e-03	0.000000000000e+00	8.350000000000e-03	0.000000000000e+00	5.041239033307e+01
151	3	1	8.350000000000e-03	1.256637061436e-01	8.284157755976e-03	1.046532500262e-03	5.044289426918e+01
152	3	2	8.350000000000e-03	2.513274122872e-01	8.087669395424e-03	2.076560557827e-03	5.047346666955e+01
153	3	3	8.350000000000e-03	3.769911184308e-01	7.763633657167e-03	3.073840014917e-03	5.050358458924e+01
154	3	4	8.350000000000e-03	5.026548245744e-01	7.317160778366e-03	4.022643178749e-03	5.053270843668e+01
155	3	5	8.350000000000e-03	6.283185307180e-01	6.755291903031e-03	4.908006856642e-03	5.056029517531e+01
156	3	6	8.350000000000e-03	7.539822368616e-01	6.086888038969e-03	5.715968334505e-03	5.058581276606e+01
157	3	7	8.350000000000e-03	8.796459430051e-01	5.322490314402e-03	6.433785577178e-03	5.060875509451e+01
158	3	8	8.350000000000e-03	1.005309649149e+00	4.474153738075e-03	7.050138177942e-03	5.062865663531e+01
159	3	9	8.350000000000e-03	1.130973355292e+00	3.555257084568e-03	7.555305888091e-03	5.064510617817e+01
160	3	10	8.350000000000e-03	1.256637061436e+00	2.580291903031e-03	7.941321911065e-03	5.065775904627e+01
161	3	11	8.350000000000e-03	1.382300767580e+00	1.564633976791e-03	8.202098543585e-03	5.066634735602e+01
162	3	12	8.350000000000e-03	1.507964473723e+00	5.243008380698e-04	8.333523182376e-03	5.067068798041e+01
163	3	13	8.350000000000e-03	1.633628179867e+00	-5.243008380698e-04	8.333523182376e-03	5.067068798041e+01
164	3	14	8.350000000000e-03	1.759291886010e+00	-1.564633976791e-03	8.202098543585e-03	5.066634735602e+01
165	3	15	8.350000000000e-03	1.884955592154e+00	-2.580291903031e-03	7.941321911065e-03	5.065775904627e+01
166	3	16	8.350000000000e-03	2.010619298297e+00	-3.555257084568e-03	7.555305888091e-03	5.064510617816e+01
167	3	17	8.350000000000e-03	2.136283004441e+00	-4.474153738075e-03	7.050138177942e-03	5.062865663531e+01
168	3	18	8.350000000000e-03	2.261946710585e+00	-5.322490314402e-03	6.433785577178e-03	5.060875509451e+01
169	3	19	8.350000000000e-03	2.387610416728e+00	-6.086888038969e-03	5.715968334505e-03	5.058581276606e+01
170	3	20	8.350000000000e-03	2.513274122872e+00	-6.755291903031e-03	4.908006856642e-03	5.056029517531e+01
171	3	21	8.350000000000e-03	2.638937829015e+00	-7.317160778366e-03	4.022643178749e-03	5.053270843668e+01
172	3	22	8.350000000000e-03	2.764601535159e+00	-7.763633657167e-03	3.073840014917e-03	5.050358458924e+01
173	3	23	8.350000000000e-03	2.890265241303e+00	-8.087669395424e-03	2.076560557827e-03	5.047346666955e+01
174	3	24	8.350000000000e-03	3.015928947446e+00	-8.284157755976e-03	1.046532500262e-03	5.044289426918e+01
175	3	25	8.350000000000e-03	3.141592653590e+00	-8.350000000000e-03	-2.685564824960e-18	5.041239033307e+01
176	3	26	8.350000000000e-03	3.267256359733e+00	-8.284157755976e-03	-1.046532500262e-03	5.038244987690e+01
177	3	27	8.350000000000e-03	3.392920065877e+00	-8.087669395424e-03	-2.076560557827e-03	5.035353112917e+01
178	3	28	8.350000000000e-03	3.518583772021e+00	-7.763633657167e-03	-3.073840014917e-03	5.032604935588e+01
179	3	29	8.350000000000e-03	3.644247478164e+00	-7.317160778366e-03	-4.022643178749e-03	5.030037334703e+01
180	3	30	8.350000000000e-03	3.769911184308e+00	-6.755291903031e-03	-4.908006856642e-03	5.027682429251e+01
181	3	31	8.350000000000e-03	3.895574890451e+00	-6.086888038969e-03	-5.715968334505e-03	5.025567659528e+01
182	3	32	8.350000000000e-03	4.021238596595e+00	-5.322490314402e-03	-6.433785577178e-03	5.023716008037e+01
183	3	33	8.350000000000e-03	4.146902302739e+00	-4.474153738075e-03	-7.050138177942e-03	5.022146305317e+01
184	3	34	8.350000000000e-03	4.272566008882e+00	-3.555257084568e-03	-7.555305888091e-03	5.020873571405e+01
185	3	35	8.350000000000e-03	4.398229715026e+00	-2.580291903031e-03	-7.941321911065e-03	5.019909352309e+01
186	3	36	8.350000000000e-03	4.523893421169e+00	-1.564633976791e-03	-8.202098543585e-03	5.019262020305e+01
187	3	37	8.350000000000e-03	4.649557127313e+00	-5.243008380698e-04	-8.333523182376e-03	5.018937015786e+01
188	3	38	8.350000000000e-03	4.775220833456e+00	5.243008380698e-04	-8.333523182376e-03	5.018937015786e+01
189	3	39	8.350000000000e-03	4.900884539600e+00	1.564633976791e-03	-8.202098543585e-03	5.019262020305e+01
190	3	40	8.350000000000e-03	5.026548245744e+00	2.580291903031e-03	-7.941321911065e-03	5.019909352309e+01
191	3	41	8.350000000000e-03	5.152211951887e+00	3.555257084568e-03	-7.555305888091e-03	5.020873571405e+01
192	3	42	8.350000000000e-03	5.277875658031e+00	4.474153738075e-03	-7.050138177942e-03	5.022146305317e+01
193	3	43	8.350000000000e-03	5.403539364174e+00	5.322490314402e-03	-6.433785577178e-03	5.023716008037e+01
194	3	44	8.350000000000e-03	5.529203070318e+00	6.086888038969e-03	-5.715968334505e-03	5.025567659528e+01
195	3	45	8.350000000000e-03	5.654866776462e+00	6.755291903031e-03	-4.908006856642e-03	5.027682429251e+01
196	3	46	8.350000000000e-03	5.780530482605e+00	7.317160778366e-03	-4.022643178749e-03	5.030037334703e+01
197	3	47	8.350000000000e-03	5.906194188749e+00	7.763633657167e-03	-3.073840014917e-03	5.032604935588e+01
198	3	48	8.350000000000e-03	6.031857894892e+00	8.087669395424e-03	-2.076560557827e-03	5.035353112917e+01
199	3	49	8.350000000000e-03	6.157521601036e+00	8.284157755976e-03	-1.046532500262e-03	5.038244987690e+01
200	4	0	1.080000000000e-02	0.000000000000e+00	1.080000000000e-02	0.000000000000e+00	5.040644645846e+01
201	4	1	1.080000000000e-02	1.256637061436e-01	1.071483877420e-02	1.353598922494e-03	5.044605151887e+01
202	4	2	1.080000000000e-02	2.513274122872e-01	1.046069814019e-02	2.685850781380e-03	5.048595695713e+01
203	4	3	1.080000000000e-02	3.769911184308e-01	1.004158604759e-02	3.975745168995e-03	5.052546260716e+01
204	4	4	1.080000000000e-02	5.026548245744e-01	9.464112144474e-03	5.202939680299e-03	5.056383390596e+01
205	4	5	1.080000000000e-02	6.283185307180e-01	8.737383539249e-03	6.348080724759e-03	5.060032230277e+01
206	4	6	1.080000000000e-02	7.539822368616e-01	7.872861176151e-03	7.393108744030e-03	5.063418778876e+01
207	4	7	1.080000000000e-02	8.796459430051e-01	6.884179089286e-03	8.321543021979e-03	5.066472207306e+01
208	4	8	1.080000000000e-02	1.005309649149e+00	5.786929385773e-03	9.118741595422e-03	5.069127107127e+01
209	4	9	1.080000000000e-02	1.130973355292e+00	4.598416348903e-03	9.772132166633e-03	5.071325562236e+01
210	4	10	1.080000000000e-02	1.256637061436e+00	3.337383539249e-03	1.027141037599e-02	5.073018962508e+01
211	4	11	1.080000000000e-02	1.382300767580e+00	2.023718197526e-03	1.060870230787e-02	5.074169503242e+01
212	4	12	1.080000000000e-02	1.507964473723e+00	6.781376109166e-04	1.077868866703e-02	5.074751333896e+01
213	4	13	1.080000000000e-02	1.633628179867e+00	-6.781376109166e-04	1.077868866703e-02	5.074751333896e+01
214	4	14	1.080000000000e-02	1.759291886010e+00	-2.023718197526e-03	1.060870230787e-02	5.074169503242e+01
215	4	15	1.080000000000e-02	1.884955592154e+00	-3.337383539249e-03	1.027141037599e-02	5.073018962508e+01
216	4	16	1.080000000000e-02	2.010619298297e+00	-4.598416348903e-03	9.772132166633e-03	5.071325562236e+01
217	4	17	1.080000000000e-02	2.136283004441e+00	-5.786929385773e-03	9.118741595422e-03	5.069127107127e+01
218	4	18	1.080000000000e-02	2.261946710585e+00	-6.884179089286e-03	8.321543021979e-03	5.066472207306e+01
219	4	19	1.080000000000e-02	2.387610416728e+00	-7.872861176151e-03	7.393108744030e-03	5.063418778876e+01
220	4	20	1.080000000000e-02	2.513274122872e+00	-8.737383539249e-03	6.348080724759e-03	5.060032230277e+01
221	4	21	1.080000000000e-02	2.638937829015e+00	-9.464112144474e-03	5.202939680299e-03	5.056383390596e+01
222	4	22	1.080000000000e-02	2.764601535159e+00	-1.004158604759e-02	3.975745168995e-03	5.052546260716e+01
223	4	23	1.080000000000e-02	2.890265241303e+00	-1.046069814019e-02	2.685850781380e-03	5.048595695713e+01
224	4	24	1.080000000000e-02	3.015928947446e+00	-1.071483877420e-02	1.353598922494e-03	5.044605151887e+01
225	4	25	1.080000000000e-02	3.141592653590e+00	-1.080000000000e-02	-3.473544923302e-18	5.040644645846e+01
226	4	26	1.080000000000e-02	3.267256359733e+00	-1.071483877420e-02	-1.353598922494e-03	5.036779066459e+01
227	4	27	1.080000000000e-02	3.392920065877e+00	-1.046069814019e-02	-2.685850781380e-03	5.033066946899e+01
228	4	28	1.080000000000e-02	3.518583772021e+00	-1.004158604759e-02	-3.975745168995e-03	5.029559746162e+01
229	4	29	1.080000000000e-02	3.644247478164e+00	-9.464112144474e-03	-5.202939680299e-03	5.026301621367e+01
230	4	30	1.080000000000e-02	3.769911184308e+00	-8.737383539249e-03	-6.348080724759e-03	5.023329613845e+01
231	4	31	1.080000000000e-02	3.895574890451e+00	-7.872861176151e-03	-7.393108744030e-03	5.020674137426e+01
232	4	32	1.080000000000e-02	4.021238596595e+00	-6.884179089286e-03	-8.321543021979e-03	5.018359649368e+01
233	4	33	1.080000000000e-02	4.146902302739e+00	-5.786929385773e-03	-9.118741595422e-03	5.016405396482e+01
234	4	34	1.080000000000e-02	4.272566008882e+00	-4.598416348903e-03	-9.772132166633e-03	5.014826151755e+01
235	4	35	1.080000000000e-02	4.398229715026e+00	-3.337383539249e-03	-1.027141037599e-02	5.013632881644e+01
236	4	36	1.080000000000e-02	4.523893421169e+00	-2.023718197526e-03	-1.060870230787e-02	5.012833305967e+01
237	4	37	1.080000000000e-02	4.649557127313e+00	-6.781376109166e-04	-1.077868866703e-02	5.012432328681e+01
238	4	38	1.080000000000e-02	4.775220833456e+00	6.781376109166e-04	-1.077868866703e-02	5.012432328681e+01
239	4	39	1.080000000000e-02	4.900884539600e+00	2.023718197526e-03	-1.060870230787e-02	5.012833305967e+01
240	4	40	1.080000000000e-02	5.026548245744e+00	3.337383539249e-03	-1.027141037599e-02	5.013632881644e+01
241	4	41	1.080000000000e-02	5.152211951887e+00	4.598416348903e-03	-9.772132166633e-03	5.014826151755e+01
242	4	42	1.080000000000e-02	5.277875658031e+00	5.786929385773e-03	-9.118741595422e-03	5.016405396482e+01
243	4	43	1.080000000000e-02	5.403539364174e+00	6.884179089286e-03	-8.321543021979e-03	5.018359649368e+01
244	4	44	1.080000000000e-02	5.529203070318e+00	7.872861176151e-03	-7.393108744030e-03	5.020674137426e+01
245	4	45	1.080000000000e-02	5.654866776462e+00	8.737383539249e-03	-6.348080724759e-03	5.023329613845e+01
246	4	46	1.080000000000e-02	5.780530482605e+00	9.464112144474e-03	-5.202939680299e-03	5.026301621367e+01
247	4	47	1.080000000000e-02	5.906194188749e+00	1.004158604759e-02	-3.975745168995e-03	5.029559746162e+01
248	4	48	1.080000000000e-02	6.031857894892e+00	1.046069814019e-02	-2.685850781380e-03	5.033066946899e+01
249	4	49	1.080000000000e-02	6.157521601036e+00	1.071483877420e-02	-1.353598922494e-03	5.036779066459e+01
250	5	0	1.325000000000e-02	0.000000000000e+00	1.325000000000e-02	0.000000000000e+00	5.039893761106e+01
251	5	1	1.325000000000e-02	1.256637061436e-01	1.314551979242e-02	1.660665344727e-03	5.044768872615e+01
252	5	2	1.325000000000e-02	2.513274122872e-01	1.283372688495e-02	3.295141004934e-03	5.049707496450e+01
253	5	3	1.325000000000e-02	3.769911184308e-01	1.231953843802e-02	4.877650323072e-03	5.054620563925e+01
254	5	4	1.325000000000e-02	5.026548245744e-01	1.161106351058e-02	6.383236181848e-03	5.059413120489e+01
255	5	5	1.325000000000e-02	6.283185307180e-01	1.071947517547e-02	7.788154592875e-03	5.063987352691e+01
256	5	6	1.325000000000e-02	7.539822368616e-01	9.658834313334e-03	9.070249153555e-03	5.068245916564e+01
257	5	7	1.325000000000e-02	8.796459430051e-01	8.445867864170e-03	1.020930046678e-02	5.072095302470e+01
258	5	8	1.325000000000e-02	1.005309649149e+00	7.099705033472e-03	1.118734501290e-02	5.075449024243e+01
259	5	9	1.325000000000e-02	1.130973355292e+00	5.641575613237e-03	1.198895844517e-02	5.078230484270e+01
260	5	10	1.325000000000e-02	1.256637061436e+00	4.094475175468e-03	1.260149884091e-02	5.080375422707e+01
261	5	11	1.325000000000e-02	1.382300767580e+00	2.482802418261e-03	1.301530607216e-02	5.081833900821e+01
262	5	12	1.325000000000e-02	1.507964473723e+00	8.319743837634e-04	1.322385415167e-02	5.082571795293e+01
263	5	13	1.325000000000e-02	1.633628179867e+00	-8.319743837634e-04	1.322385415167e-02	5.082571795293e+01
264	5	14	1.325000000000e-02	1.759291886010e+00	-2.482802418261e-03	1.301530607216e-02	5.081833900821e+01
265	5	15	1.325000000000e-02	1.884955592154e+00	-4.094475175468e-03	1.260149884091e-02	5.080375422707e+01
266	5	16	1.325000000000e-02	2.010619298297e+00	-5.641575613237e-03	1.198895844517e-02	5.078230484270e+01
267	5	17	1.325000000000e-02	2.136283004441e+00	-7.099705033472e-03	1.118734501290e-02	5.075449024243e+01
268	5	18	1.325000000000e-02	2.261946710585e+00	-8.445867864170e-03	1.020930046678e-02	5.072095302470e+01
269	5	19	1.325000000000e-02	2.387610416728e+00	-9.658834313334e-03	9.070249153555e-03	5.068245916564e+01
270	5	20	1.325000000000e-02	2.513274122872e+00	-1.071947517547e-02	7.788154592875e-03	5.063987352691e+01
271	5	21	1.325000000000e-02	2.638937829015e+00	-1.161106351058e-02	6.383236181848e-03	5.059413120489e+01
272	5	22	1.325000000000e-02	2.764601535159e+00	-1.231953843802e-02	4.877650323072e-03	5.054620563925e+01
273	5	23	1.325000000000e-02	2.890265241303e+00	-1.283372688495e-02	3.295141004934e-03	5.049707496450e+01
274	5	24	1.325000000000e-02	3.015928947446e+00	-1.314551979242e-02	1.660665344727e-03	5.044768872615e+01
275	5	25	1.325000000000e-02	3.141592653590e+00	-1.325000000000e-02	-4.261525021643e-18	5.039893761106e+01
276	5	26	1.325000000000e-02	3.267256359733e+00	-1.314551979242e-02	-1.660665344727e-03	5.035162897098e+01
277	5	27	1.325000000000e-02	3.392920065877e+00	-1.283372688495e-02	-3.295141004934e-03	5.030647037388e+01
278	5	28	1.325000000000e-02	3.518583772021e+00	-1.231953843802e-02	-4.877650323072e-03	5.026406216144e+01
279	5	29	1.325000000000e-02	3.644247478164e+00	-1.161106351058e-02	-6.383236181848e-03	5.022489841107e+01
280	5	30	1.325000000000e-02	3.769911184308e+00	-1.071947517547e-02	-7.788154592875e-03	5.018937443882e+01
281	5	31	1.325000000000e-02	3.895574890451e+00	-9.658834313334e-03	-9.070249153555e-03	5.015779842300e+01
282	5	32	1.325000000000e-02	4.021238596595e+00	-8.445867864170e-03	-1.020930046678e-02	5.013040484086e+01
283	5	33	1.325000000000e-02	4.146902302739e+00	-7.099705033472e-03	-1.118734501290e-02	5.010736791501e+01
284	5	34	1.325000000000e-02	4.272566008882e+00	-5.641575613237e-03	-1.198895844517e-02	5.008881387737e+01
285	5	35	1.325000000000e-02	4.398229715026e+00	-4.094475175468e-03	-1.260149884091e-02	5.007483139064e+01
286	5	36	1.325000000000e-02	4.523893421169e+00	-2.482802418261e-03	-1.301530607216e-02	5.006547984923e+01
287	5	37	1.325000000000e-02	4.649557127313e+00	-8.319743837634e-04	-1.322385415167e-02	5.006079551009e+01
288	5	38	1.325000000000e-02	4.775220833456e+00	8.319743837634e-04	-1.322385415167e-02	5.006079551009e+01
289	5	39	1.325000000000e-02	4.900884539600e+00	2.482802418261e-03	-1.301530607216e-02	5.006547984923e+01
290	5	40	1.325000000000e-02	5.026548245744e+00	4.094475175468e-03	-1.260149884091e-02	5.007483139064e+01
291	5	41	1.325000000000e-02	5.152211951887e+00	5.641575613237e-03	-1.198895844517e-02	5.008881387737e+01
292	5	42	1.325000000000e-02	5.277875658031e+00	7.099705033472e-03	-1.118734501290e-02	5.010736791501e+01
293	5	43	1.325000000000e-02	5.403539364174e+00	8.445867864170e-03	-1.020930046678e-02	5.013040484086e+01
294	5	44	1.325000000000e-02	5.529203070318e+00	9.658834313334e-03	-9.070249153555e-03	5.015779842300e+01
295	5	45	1.325000000000e-02	5.654866776462e+00	1.071947517547e-02	-7.788154592875e-03	5.018937443882e+01
296	5	46	1.325000000000e-02	5.780530482605e+00	1.161106351058e-02	-6.383236181848e-03	5.022489841107e+01
297	5	47	1.325000000000e-02	5.906194188749e+00	1.231953843802e-02	-4.877650323072e-03	5.026406216144e+01
298	5	48	1.325000000000e-02	6.031857894892e+00	1.283372688495e-02	-3.295141004934e-03	5.030647037388e+01
299	5	49	1.325000000000e-02	6.157521601036e+00	1.314551979242e-02	-1.660665344727e-03	5.035162897098e+01
300	6	0	1.570000000000e-02	0.000000000000e+00	1.570000000000e-02	0.000000000000e+00	5.038984267802e+01
301	6	1	1.570000000000e-02	1.256637061436e-01	1.557620081064e-02	1.967731766960e-03	5.044779188754e+01
302	6	2	1.570000000000e-02	2.513274122872e-01	1.520675562972e-02	3.904431228488e-03	5.050681946803e+01
303	6	3	1.570000000000e-02	3.769911184308e-01	1.459749082845e-02	5.779555477149e-03	5.056582794946e+01
304	6	4	1.570000000000e-02	5.026548245744e-01	1.375801487669e-02	7.563532683397e-03	5.062362920014e+01
305	6	5	1.570000000000e-02	6.283185307180e-01	1.270156681169e-02	9.228228460992e-03	5.067898839606e+01
306	6	6	1.570000000000e-02	7.539822368616e-01	1.144480745052e-02	1.074738956308e-02	5.073067148918e+01
307	6	7	1.570000000000e-02	8.796459430051e-01	1.000755663905e-02	1.209705791158e-02	5.077749176112e+01
308	6	8	1.570000000000e-02	1.005309649149e+00	8.412480681170e-03	1.325594843038e-02	5.081835246590e+01
309	6	9	1.570000000000e-02	1.130973355292e+00	6.684734877572e-03	1.420578472372e-02	5.085228389156e+01
310	6	10	1.570000000000e-02	1.256637061436e+00	4.851566811687e-03	1.493158730583e-02	5.087847412336e+01
311	6	11	1.570000000000e-02	1.382300767580e+00	2.941886638996e-03	1.542190983644e-02	5.089629335584e+01
312	6	12	1.570000000000e-02	1.507964473723e+00	9.858111566102e-04	1.566901963632e-02	5.090531186967e+01
313	6	13	1.570000000000e-02	1.633628179867e+00	-9.858111566102e-04	1.566901963632e-02	5.090531186967e+01
314	6	14	1.570000000000e-02	1.759291886010e+00	-2.941886638996e-03	1.542190983644e-02	5.089629335584e+01
315	6	15	1.570000000000e-02	1.884955592154e+00	-4.851566811687e-03	1.493158730583e-02	5.087847412336e+01
316	6	16	1.570000000000e-02	2.010619298297e+00	-6.684734877572e-03	1.420578472372e-02	5.085228389156e+01
317	6	17	1.570000000000e-02	2.136283004441e+00	-8.412480681170e-03	1.325594843038e-02	5.081835246590e+01
318	6	18	1.570000000000e-02	2.261946710585e+00	-1.000755663905e-02	1.209705791158e-02	5.077749176112e+01
319	6	19	1.570000000000e-02	2.387610416728e+00	-1.144480745052e-02	1.074738956308e-02	5.073067148918e+01
320	6	20	1.570000000000e-02	2.513274122872e+00	-1.270156681169e-02	9.228228460992e-03	5.067898839606e+01
321	6	21	1.570000000000e-02	2.638937829015e+00	-1.375801487669e-02	7.563532683397e-03	5.062362920014e+01
322	6	22	1.570000000000e-02	2.764601535159e+00	-1.459749082845e-02	5.779555477149e-03	5.056582794946e+01
323	6	23	1.570000000000e-02	2.890265241303e+00	-1.520675562972e-02	3.904431228488e-03	5.050681946803e+01
324	6	24	1.570000000000e-02	3.015928947446e+00	-1.557620081064e-02	1.967731766960e-03	5.044779188754e+01
325	6	25	1.570000000000e-02	3.141592653590e+00	-1.570000000000e-02	-5.049505119985e-18	5.038984267802e+01
326	6	26	1.570000000000e-02	3.267256359733e+00	-1.557620081064e-02	-1.967731766960e-03	5.033394343261e+01
327	6	27	1.570000000000e-02	3.392920065877e+00	-1.520675562972e-02	-3.904431228488e-03	5.028091801632e+01
328	6	28	1.570000000000e-02	3.518583772021e+00	-1.459749082845e-02	-5.779555477149e-03	5.023143610180e+01
329	6	29	1.570000000000e-02	3.644247478164e+00	-1.375801487669e-02	-7.563532683397e-03	5.018602051574e+01
330	6	30	1.570000000000e-02	3.769911184308e+00	-1.270156681169e-02	-9.228228460992e-03	5.014506422527e+01
331	6	31	1.570000000000e-02	3.895574890451e+00	-1.144480745052e-02	-1.074738956308e-02	5.010885213514e+01
332	6	32	1.570000000000e-02	4.021238596595e+00	-1.000755663905e-02	-1.209705791158e-02	5.007758368650e+01
333	6	33	1.570000000000e-02	4.146902302739e+00	-8.412480681170e-03	-1.325594843038e-02	5.005139363913e+01
334	6	34	1.570000000000e-02	4.272566008882e+00	-6.684734877572e-03	-1.420578472372e-02	5.003036971149e+01
335	6	35	1.570000000000e-02	4.398229715026e+00	-4.851566811687e-03	-1.493158730583e-02	5.001456666761e+01
336	6	36	1.570000000000e-02	4.523893421169e+00	-2.941886638996e-03	-1.542190983644e-02	5.000401696106e+01
337	6	37	1.570000000000e-02	4.649557127313e+00	-9.858111566102e-04	-1.566901963632e-02	4.999873826763e+01
338	6	38	1.570000000000e-02	4.775220833456e+00	9.858111566102e-04	-1.566901963632e-02	4.999873826763e+01
339	6	39	1.570000000000e-02	4.900884539600e+00	2.941886638996e-03	-1.542190983644e-02	5.000401696106e+01
340	6	40	1.570000000000e-02	5.026548245744e+00	4.851566811687e-03	-1.493158730583e-02	5.001456666761e+01
341	6	41	1.570000000000e-02	5.152211951887e+00	6.684734877572e-03	-1.420578472372e-02	5.003036971149e+01
342	6	42	1.570000000000e-02	5.277875658031e+00	8.412480681170e-03	-1.325594843038e-02	5.005139363913e+01
343	6	43	1.570000000000e-02	5.403539364174e+00	1.000755663905e-02	-1.209705791158e-02	5.007758368649e+01
344	6	44	1.570000000000e-02	5.529203070318e+00	1.144480745052e-02	-1.074738956308e-02	5.010885213514e+01
345	6	45	1.570000000000e-02	5.654866776462e+00	1.270156681169e-02	-9.228228460992e-03	5.014506422527e+01
346	6	46	1.570000000000e-02	5.780530482605e+00	1.375801487669e-02	-7.563532683397e-03	5.018602051574e+01
347	6	47	1.570000000000e-02	5.906194188749e+00	1.459749082845e-02	-5.779555477149e-03	5.023143610180e+01
348	6	48	1.570000000000e-02	6.031857894892e+00	1.520675562972e-02	-3.904431228488e-03	5.028091801632e+01
349	6	49	1.570000000000e-02	6.157521601036e+00	1.557620081064e-02	-1.967731766960e-03	5.033394343261e+01
350	7	0	1.815000000000e-02	0.000000000000e+00	1.815000000000e-02	0.000000000000e+00	5.037913330823e+01
351	7	1	1.815000000000e-02	1.256637061436e-01	1.800688182886e-02	2.274798189192e-03	5.044633898224e+01
352	7	2	1.815000000000e-02	2.513274122872e-01	1.757978437448e-02	4.513721452042e-03	5.051518217737e+01
353	7	3	1.815000000000e-02	3.769911184308e-01	1.687544321887e-02	6.681460631227e-03	5.058433819864e+01
354	7	4	1.815000000000e-02	5.026548245744e-01	1.590496624280e-02	8.743829184946e-03	5.065235196750e+01
355	7	5	1.815000000000e-02	6.283185307180e-01	1.468365844791e-02	1.066830232911e-02	5.071770122487e+01
356	7	6	1.815000000000e-02	7.539822368616e-01	1.323078058770e-02	1.242452997261e-02	5.077886244476e+01
357	7	7	1.815000000000e-02	8.796459430051e-01	1.156924541394e-02	1.398481535638e-02	5.083437271062e+01
358	7	8	1.815000000000e-02	1.005309649149e+00	9.725256328869e-03	1.532455184786e-02	5.088288394270e+01
359	7	9	1.815000000000e-02	1.130973355292e+00	7.727894141906e-03	1.642261100226e-02	5.092320817886e+01
360	7	10	1.815000000000e-02	1.256637061436e+00	5.608658447905e-03	1.726167577076e-02	5.095435391958e+01
361	7	11	1.815000000000e-02	1.382300767580e+00	3.400970859731e-03	1.782851360073e-02	5.097555410448e+01
362	7	12	1.815000000000e-02	1.507964473723e+00	1.139647929457e-03	1.811418512097e-02	5.098628640282e+01
363	7	13	1.815000000000e-02	1.633628179867e+00	-1.139647929457e-03	1.811418512097e-02	5.098628640282e+01
364	7	14	1.815000000000e-02	1.759291886010e+00	-3.400970859731e-03	1.782851360073e-02	5.097555410448e+01
365	7	15	1.815000000000e-02	1.884955592154e+00	-5.608658447905e-03	1.726167577076e-02	5.095435391958e+01
366	7	16	1.815000000000e-02	2.010619298297e+00	-7.727894141906e-03	1.642261100226e-02	5.092320817886e+01
367	7	17	1.815000000000e-02	2.136283004441e+00	-9.725256328869e-03	1.532455184786e-02	5.088288394270e+01
368	7	18	1.815000000000e-02	2.261946710585e+00	-1.156924541394e-02	1.398481535638e-02	5.083437271062e+01
369	7	19	1.815000000000e-02	2.387610416728e+00	-1.323078058770e-02	1.242452997261e-02	5.077886244476e+01
370	7	20	1.815000000000e-02	2.513274122872e+00	-1.468365844791e-02	1.066830232911e-02	5.071770122487e+01
371	7	21	1.815000000000e-02	2.638937829015e+00	-1.590496624280e-02	8.743829184946e-03	5.065235196750e+01
372	7	22	1.815000000000e-02	2.764601535159e+00	-1.687544321887e-02	6.681460631227e-03	5.058433819864e+01
373	7	23	1.815000000000e-02	2.890265241303e+00	-1.757978437448e-02	4.513721452042e-03	5.051518217737e+01
374	7	24	1.815000000000e-02	3.015928947446e+00	-1.800688182886e-02	2.274798189192e-03	5.044633898224e+01
375	7	25	1.815000000000e-02	3.141592653590e+00	-1.815000000000e-02	-5.837485218326e-18	5.037913330823e+01
376	7	26	1.815000000000e-02	3.267256359733e+00	-1.800688182886e-02	-2.274798189192e-03	5.031470847282e+01
377	7	27	1.815000000000e-02	3.392920065877e+00	-1.757978437448e-02	-4.513721452042e-03	5.025399705031e+01
378	7	28	1.815000000000e-02	3.518583772021e+00	-1.687544321887e-02	-6.681460631227e-03	5.019771749941e+01
379	7	29	1.815000000000e-02	3.644247478164e+00	-1.590496624280e-02	-8.743829184946e-03	5.014639293549e+01
380	7	30	1.815000000000e-02	3.769911184308e+00	-1.468365844791e-02	-1.066830232911e-02	5.010038313625e+01
381	7	31	1.815000000000e-02	3.895574890451e+00	-1.323078058770e-02	-1.242452997261e-02	5.005992077457e+01
382	7	32	1.815000000000e-02	4.021238596595e+00	-1.156924541394e-02	-1.398481535638e-02	5.002514559845e+01
383	7	33	1.815000000000e-02	4.146902302739e+00	-9.725256328869e-03	-1.532455184786e-02	4.999613338353e+01
384	7	34	1.815000000000e-02	4.272566008882e+00	-7.727894141906e-03	-1.642261100226e-02	4.997291875874e+01
385	7	35	1.815000000000e-02	4.398229715026e+00	-5.608658447905e-03	-1.726167577076e-02	4.995551227033e+01
386	7	36	1.815000000000e-02	4.523893421169e+00	-3.400970859731e-03	-1.782851360073e-02	4.994391255558e+01
387	7	37	1.815000000000e-02	4.649557127313e+00	-1.139647929457e-03	-1.811418512097e-02	4.993811455778e+01
388	7	38	1.815000000000e-02	4.775220833456e+00	1.139647929457e-03	-1.811418512097e-02	4.993811455778e+01
389	7	39	1.815000000000e-02	4.900884539600e+00	3.400970859731e-03	-1.782851360073e-02	4.994391255558e+01
390	7	40	1.815000000000e-02	5.026548245744e+00	5.608658447905e-03	-1.726167577076e-02	4.995551227033e+01
391	7	41	1.815000000000e-02	5.152211951887e+00	7.727894141906e-03	-1.642261100226e-02	4.997291875874e+01
392	7	42	1.815000000000e-02	5.277875658031e+00	9.725256328869e-03	-1.532455184786e-02	4.999613338353e+01
393	7	43	1.815000000000e-02	5.403539364174e+00	1.156924541394e-02	-1.398481535638e-02	5.002514559845e+01
394	7	44	1.815000000000e-02	5.529203070318e+00	1.323078058770e-02	-1.242452997261e-02	5.005992077457e+01
395	7	45	1.815000000000e-02	5.654866776462e+00	1.468365844791e-02	-1.066830232911e-02	5.010038313625e+01
396	7	46	1.815000000000e-02	5.780530482605e+00	1.590496624280e-02	-8.743829184946e-03	5.014639293549e+01
397	7	47	1.815000000000e-02	5.906194188749e+00	1.687544321887e-02	-6.681460631227e-03	5.019771749941e+01
398	7	48	1.815000000000e-02	6.031857894892e+00	1.757978437448e-02	-4.513721452042e-03	5.025399705031e+01
399	7	49	1.815000000000e-02	6.157521601036e+00	1.800688182886e-02	-2.274798189192e-03	5.031470847282e+01
400	8	0	2.060000000000e-02	0.000000000000e+00	2.060000000000e-02	0.000000000000e+00	5.036677353564e+01
401	8	1	2.060000000000e-02	1.256637061436e-01	2.043756284708e-02	2.581864611425e-03	5.044330101554e+01
402	8	2	2.060000000000e-02	2.513274122872e-01	1.995281311925e-02	5.123011675596e-03	5.052215051615e+01
403	8	3	2.060000000000e-02	3.769911184308e-01	1.915339560930e-02	7.583365785304e-03	5.060174372996e+01
404	8	4	2.060000000000e-02	5.026548245744e-01	1.805191760890e-02	9.924125686495e-03	5.068032406995e+01
405	8	5	2.060000000000e-02	6.283185307180e-01	1.666575008412e-02	1.210837619722e-02	5.075604694119e+01
406	8	6	2.060000000000e-02	7.539822368616e-01	1.501675372488e-02	1.410167038213e-02	5.082706906119e+01
407	8	7	2.060000000000e-02	8.796459430051e-01	1.313093418882e-02	1.587257280118e-02	5.089162762539e+01
408	8	8	2.060000000000e-02	1.005309649149e+00	1.103803197657e-02	1.739315526534e-02	5.094810605691e+01
409	8	9	2.060000000000e-02	1.130973355292e+00	8.771053406240e-03	1.863943728080e-02	5.099508645541e+01
410	8	10	2.060000000000e-02	1.256637061436e+00	6.365750084124e-03	1.959176423568e-02	5.103139020492e+01
411	8	11	2.060000000000e-02	1.382300767580e+00	3.860055080466e-03	2.023511736501e-02	5.105610841376e+01
412	8	12	2.060000000000e-02	1.507964473723e+00	1.293484702304e-03	2.055935060562e-02	5.106862359417e+01
413	8	13	2.060000000000e-02	1.633628179867e+00	-1.293484702304e-03	2.055935060562e-02	5.106862359417e+01
414	8	14	2.060000000000e-02	1.759291886010e+00	-3.860055080466e-03	2.023511736501e-02	5.105610841376e+01
415	8	15	2.060000000000e-02	1.884955592154e+00	-6.365750084124e-03	1.959176423568e-02	5.103139020492e+01
416	8	16	2.060000000000e-02	2.010619298297e+00	-8.771053406240e-03	1.863943728080e-02	5.099508645541e+01
417	8	17	2.060000000000e-02	2.136283004441e+00	-1.103803197657e-02	1.739315526534e-02	5.094810605691e+01
418	8	18	2.060000000000e-02	2.261946710585e+00	-1.313093418882e-02	1.587257280118e-02	5.089162762539e+01
419	8	19	2.060000000000e-02	2.387610416728e+00	-1.501675372488e-02	1.410167038213e-02	5.082706906119e+01
420	8	20	2.060000000000e-02	2.513274122872e+00	-1.666575008412e-02	1.210837619722e-02	5.075604694119e+01
421	8	21	2.060000000000e-02	2.638937829015e+00	-1.805191760890e-02	9.924125686495e-03	5.068032406995e+01
422	8	22	2.060000000000e-02	2.764601535159e+00	-1.915339560930e-02	7.583365785304e-03	5.060174372996e+01
423	8	23	2.060000000000e-02	2.890265241303e+00	-1.995281311925e-02	5.123011675596e-03	5.052215051615e+01
424	8	24	2.060000000000e-02	3.015928947446e+00	-2.043756284708e-02	2.581864611425e-03	5.044330101554e+01
425	8	25	2.060000000000e-02	3.141592653590e+00	-2.060000000000e-02	-6.625465316668e-18	5.036677353564e+01
426	8	26	2.060000000000e-02	3.267256359733e+00	-2.043756284708e-02	-2.581864611425e-03	5.029389314536e+01
427	8	27	2.060000000000e-02	3.392920065877e+00	-1.995281311925e-02	-5.123011675596e-03	5.022569102715e+01
428	8	28	2.060000000000e-02	3.518583772021e+00	-1.915339560930e-02	-7.583365785304e-03	5.016290796538e+01
429	8	29	2.060000000000e-02	3.644247478164e+00	-1.805191760890e-02	-9.924125686495e-03	5.010603273194e+01
430	8	30	2.060000000000e-02	3.769911184308e+00	-1.666575008412e-02	-1.210837619722e-02	5.005535694722e+01
431	8	31	2.060000000000e-02	3.895574890451e+00	-1.501675372488e-02	-1.410167038213e-02	5.001103071104e+01
432	8	32	2.060000000000e-02	4.021238596595e+00	-1.313093418882e-02	-1.587257280118e-02	4.997311033132e+01
433	8	33	2.060000000000e-02	4.146902302739e+00	-1.103803197657e-02	-1.739315526534e-02	4.994159538534e+01
434	8	34	2.060000000000e-02	4.272566008882e+00	-8.771053406240e-03	-1.863943728080e-02	4.991645568089e+01
435	8	35	2.060000000000e-02	4.398229715026e+00	-6.365750084124e-03	-1.959176423568e-02	4.989764997910e+01
436	8	36	2.060000000000e-02	4.523893421169e+00	-3.860055080466e-03	-2.023511736501e-02	4.988513849728e+01
437	8	37	2.060000000000e-02	4.649557127313e+00	-1.293484702304e-03	-2.055935060562e-02	4.987889088211e+01
438	8	38	2.060000000000e-02	4.775220833456e+00	1.293484702304e-03	-2.055935060562e-02	4.987889088211e+01
439	8	39	2.060000000000e-02	4.900884539600e+00	3.860055080466e-03	-2.023511736501e-02	4.988513849728e+01
440	8	40	2.060000000000e-02	5.026548245744e+00	6.365750084124e-03	-1.959176423568e-02	4.989764997910e+01
441	8	41	2.060000000000e-02	5.152211951887e+00	8.771053406240e-03	-1.863943728080e-02	4.991645568089e+01
442	8	42	2.060000000000e-02	5.277875658031e+00	1.103803197657e-02	-1.739315526534e-02	4.994159538534e+01
443	8	43	2.060000000000e-02	5.403539364174e+00	1.313093418882e-02	-1.587257280118e-02	4.997311033132e+01
444	8	44	2.060000000000e-02	5.529203070318e+00	1.501675372488e-02	-1.410167038213e-02	5.001103071104e+01
445	8	45	2.060000000000e-02	5.654866776462e+00	1.666575008412e-02	-1.210837619722e-02	5.005535694722e+01
446	8	46	2.060000000000e-02	5.780530482605e+00	1.805191760890e-02	-9.924125686495e-03	5.010603273194e+01
447	8	47	2.060000000000e-02	5.906194188749e+00	1.915339560930e-02	-7.583365785304e-03	5.016290796538e+01
448	8	48	2.060000000000e-02	6.031857894892e+00	1.995281311925e-02	-5.123011675596e-03	5.022569102715e+01
449	8	49	2.060000000000e-02	6.157521601036e+00	2.043756284708e-02	-2.581864611425e-03	5.029389314536e+01
450	9	0	2.305000000000e-02	0.000000000000e+00	2.305000000000e-02	0.000000000000e+00	5.035271887910e+01
451	9	1	2.305000000000e-02	1.256637061436e-01	2.286824386530e-02	2.888931033657e-03	5.043864201813e+01
452	9	2	2.305000000000e-02	2.513274122872e-01	2.232584186401e-02	5.732301899150e-03	5.052770893993e+01
453	9	3	2.305000000000e-02	3.769911184308e-01	2.143134799972e-02	8.485270939382e-03	5.061805281959e+01
454	9	4	2.305000000000e-02	5.026548245744e-01	2.019886897501e-02	1.110442218804e-02	5.070757308718e+01
455	9	5	2.305000000000e-02	6.283185307180e-01	1.864784172034e-02	1.354845006534e-02	5.079406347989e+01
456	9	6	2.305000000000e-02	7.539822368616e-01	1.680272686206e-02	1.577881079166e-02	5.087532992258e+01
457	9	7	2.305000000000e-02	8.796459430051e-01	1.469262296371e-02	1.776033024598e-02	5.094928779852e+01
458	9	8	2.305000000000e-02	1.005309649149e+00	1.235080762427e-02	1.946175868282e-02	5.101403783110e+01
459	9	9	2.305000000000e-02	1.130973355292e+00	9.814212670575e-03	2.085626355934e-02	5.106792366173e+01
460	9	10	2.305000000000e-02	1.256637061436e+00	7.122841720343e-03	2.192185270060e-02	5.110957482739e+01
461	9	11	2.305000000000e-02	1.382300767580e+00	4.319139301201e-03	2.264172112930e-02	5.113793819752e+01
462	9	12	2.305000000000e-02	1.507964473723e+00	1.447321475151e-03	2.300451609027e-02	5.115230003048e+01
463	9	13	2.305000000000e-02	1.633628179867e+00	-1.447321475151e-03	2.300451609027e-02	5.115230003048e+01
464	9	14	2.305000000000e-02	1.759291886010e+00	-4.319139301201e-03	2.264172112930e-02	5.113793819752e+01
465	9	15	2.305000000000e-02	1.884955592154e+00	-7.122841720343e-03	2.192185270060e-02	5.110957482739e+01
466	9	16	2.305000000000e-02	2.010619298297e+00	-9.814212670575e-03	2.085626355934e-02	5.106792366173e+01
467	9	17	2.305000000000e-02	2.136283004441e+00	-1.235080762427e-02	1.946175868282e-02	5.101403783110e+01
468	9	18	2.305000000000e-02	2.261946710585e+00	-1.469262296371e-02	1.776033024598e-02	5.094928779852e+01
469	9	19	2.305000000000e-02	2.387610416728e+00	-1.680272686206e-02	1.577881079166e-02	5.087532992258e+01
470	9	20	2.305000000000e-02	2.513274122872e+00	-1.864784172034e-02	1.354845006534e-02	5.079406347989e+01
471	9	21	2.305000000000e-02	2.638937829015e+00	-2.019886897501e-02	1.110442218804e-02	5.070757308718e+01
472	9	22	2.305000000000e-02	2.764601535159e+00	-2.143134799972e-02	8.485270939382e-03	5.061805281959e+01
473	9	23	2.305000000000e-02	2.890265241303e+00	-2.232584186401e-02	5.732301899150e-03	5.052770893993e+01
474	9	24	2.305000000000e-02	3.015928947446e+00	-2.286824386530e-02	2.888931033657e-03	5.043864201813e+01
475	9	25	2.305000000000e-02	3.141592653590e+00	-2.305000000000e-02	-7.413445415009e-18	5.035271887910e+01
476	9	26	2.305000000000e-02	3.267256359733e+00	-2.286824386530e-02	-2.888931033657e-03	5.027146030636e+01
477	9	27	2.305000000000e-02	3.392920065877e+00	-2.232584186401e-02	-5.732301899150e-03	5.019598207184e+01
478	9	28	2.305000000000e-02	3.518583772021e+00	-2.143134799972e-02	-8.485270939382e-03	5.012701232606e+01
479	9	29	2.305000000000e-02	3.644247478164e+00	-2.019886897501e-02	-1.110442218804e-02	5.006496297013e+01
480	9	30	2.305000000000e-02	3.769911184308e+00	-1.864784172034e-02	-1.354845006534e-02	5.001001808474e+01
481	9	31	2.305000000000e-02	3.895574890451e+00	-1.680272686206e-02	-1.577881079166e-02	4.996221411358e+01
482	9	32	2.305000000000e-02	4.021238596595e+00	-1.469262296371e-02	-1.776033024598e-02	4.992150195745e+01
483	9	33	2.305000000000e-02	4.146902302739e+00	-1.235080762427e-02	-1.946175868282e-02	4.988779075464e+01
484	9	34	2.305000000000e-02	4.272566008882e+00	-9.814212670575e-03	-2.085626355934e-02	4.986097693905e+01
485	9	35	2.305000000000e-02	4.398229715026e+00	-7.122841720343e-03	-2.192185270060e-02	4.984096272932e+01
486	9	36	2.305000000000e-02	4.523893421169e+00	-4.319139301201e-03	-2.264172112930e-02	4.982766749467e+01
487	9	37	2.305000000000e-02	4.649557127313e+00	-1.447321475151e-03	-2.300451609027e-02	4.982103447456e+01
488	9	38	2.305000000000e-02	4.775220833456e+00	1.447321475151e-03	-2.300451609027e-02	4.982103447455e+01
489	9	39	2.305000000000e-02	4.900884539600e+00	4.319139301201e-03	-2.264172112930e-02	4.982766749467e+01
490	9	40	2.305000000000e-02	5.026548245744e+00	7.122841720343e-03	-2.192185270060e-02	4.984096272932e+01
491	9	41	2.305000000000e-02	5.152211951887e+00	9.814212670575e-03	-2.085626355934e-02	4.986097693905e+01
492	9	42	2.305000000000e-02	5.277875658031e+00	1.235080762427e-02	-1.946175868282e-02	4.988779075464e+01
493	9	43	2.305000000000e-02	5.403539364174e+00	1.469262296371e-02	-1.776033024598e-02	4.992150195745e+01
494	9	44	2.305000000000e-02	5.529203070318e+00	1.680272686206e-02	-1.577881079166e-02	4.996221411358e+01
495	9	45	2.305000000000e-02	5.654866776462e+00	1.864784172034e-02	-1.354845006534e-02	5.001001808474e+01
496	9	46	2.305000000000e-02	5.780530482605e+00	2.019886897501e-02	-1.110442218804e-02	5.006496297013e+01
497	9	47	2.305000000000e-02	5.906194188749e+00	2.143134799972e-02	-8.485270939382e-03	5.012701232606e+01
498	9	48	2.305000000000e-02	6.031857894892e+00	2.232584186401e-02	-5.732301899150e-03	5.019598207184e+01
499	9	49	2.305000000000e-02	6.157521601036e+00	2.286824386530e-02	-2.888931033657e-03	5.027146030636e+01
500	10	0	2.550000000000e-02	0.000000000000e+00	2.550000000000e-02	0.000000000000e+00	5.033691492668e+01
501	10	1	2.550000000000e-02	1.256637061436e-01	2.529892488352e-02	3.195997455890e-03	5.043231856769e+01
502	10	2	2.550000000000e-02	2.513274122872e-01	2.469887060878e-02	6.341592122704e-03	5.053183989272e+01
503	10	3	2.550000000000e-02	3.769911184308e-01	2.370930039015e-02	9.387176093459e-03	5.063327639210e+01
504	10	4	2.550000000000e-02	5.026548245744e-01	2.234582034112e-02	1.228471868959e-02	5.073413124014e+01
505	10	5	2.550000000000e-02	6.283185307180e-01	2.062993335656e-02	1.498852393346e-02	5.083179292813e+01
506	10	6	2.550000000000e-02	7.539822368616e-01	1.858869999925e-02	1.745595120118e-02	5.092368591349e+01
507	10	7	2.550000000000e-02	8.796459430051e-01	1.625431173859e-02	1.964808769078e-02	5.100738469793e+01
508	10	8	2.550000000000e-02	1.005309649149e+00	1.366358327196e-02	2.153036210030e-02	5.108069672262e+01
509	10	9	2.550000000000e-02	1.130973355292e+00	1.085737193491e-02	2.307308983788e-02	5.114172204144e+01
510	10	10	2.550000000000e-02	1.256637061436e+00	7.879933356561e-03	2.425194116553e-02	5.118889635087e+01
511	10	11	2.550000000000e-02	1.382300767580e+00	4.778223521936e-03	2.504832489358e-02	5.122102185528e+01
512	10	12	2.550000000000e-02	1.507964473723e+00	1.601158247997e-03	2.544968157492e-02	5.123728872449e+01
513	10	13	2.550000000000e-02	1.633628179867e+00	-1.601158247997e-03	2.544968157492e-02	5.123728872449e+01
514	10	14	2.550000000000e-02	1.759291886010e+00	-4.778223521936e-03	2.504832489358e-02	5.122102185528e+01
515	10	15	2.550000000000e-02	1.884955592154e+00	-7.879933356561e-03	2.425194116553e-02	5.118889635087e+01
516	10	16	2.550000000000e-02	2.010619298297e+00	-1.085737193491e-02	2.307308983788e-02	5.114172204144e+01
517	10	17	2.550000000000e-02	2.136283004441e+00	-1.366358327196e-02	2.153036210030e-02	5.108069672262e+01
518	10	18	2.550000000000e-02	2.261946710585e+00	-1.625431173859e-02	1.964808769078e-02	5.100738469793e+01
519	10	19	2.550000000000e-02	2.387610416728e+00	-1.858869999925e-02	1.745595120118e-02	5.092368591349e+01
520	10	20	2.550000000000e-02	2.513274122872e+00	-2.062993335656e-02	1.498852393346e-02	5.083179292813e+01
521	10	21	2.550000000000e-02	2.638937829015e+00	-2.234582034112e-02	1.228471868959e-02	5.073413124014e+01
522	10	22	2.550000000000e-02	2.764601535159e+00	-2.370930039015e-02	9.387176093459e-03	5.063327639210e+01
523	10	23	2.550000000000e-02	2.890265241303e+00	-2.469887060878e-02	6.341592122704e-03	5.053183989272e+01
524	10	24	2.550000000000e-02	3.015928947446e+00	-2.529892488352e-02	3.195997455890e-03	5.043231856769e+01
525	10	25	2.550000000000e-02	3.141592653590e+00	-2.550000000000e-02	-8.201425513351e-18	5.033691492668e+01
526	10	26	2.550000000000e-02	3.267256359733e+00	-2.529892488352e-02	-3.195997455890e-03	5.024736577537e+01
527	10	27	2.550000000000e-02	3.392920065877e+00	-2.469887060878e-02	-6.341592122704e-03	5.016485112410e+01
528	10	28	2.550000000000e-02	3.518583772021e+00	-2.370930039015e-02	-9.387176093459e-03	5.009003927928e+01
529	10	29	2.550000000000e-02	3.644247478164e+00	-2.234582034112e-02	-1.228471868959e-02	5.002321295693e+01
530	10	30	2.550000000000e-02	3.769911184308e+00	-2.062993335656e-02	-1.498852393346e-02	4.996440508051e+01
531	10	31	2.550000000000e-02	3.895574890451e+00	-1.858869999925e-02	-1.745595120118e-02	4.991350772598e+01
532	10	32	2.550000000000e-02	4.021238596595e+00	-1.625431173859e-02	-1.964808769078e-02	4.987034728400e+01
533	10	33	2.550000000000e-02	4.146902302739e+00	-1.366358327196e-02	-2.153036210030e-02	4.983473184152e+01
534	10	34	2.550000000000e-02	4.272566008882e+00	-1.085737193491e-02	-2.307308983788e-02	4.980647930365e+01
535	10	35	2.550000000000e-02	4.398229715026e+00	-7.879933356561e-03	-2.425194116553e-02	4.978543333200e+01
536	10	36	2.550000000000e-02	4.523893421169e+00	-4.778223521936e-03	-2.504832489358e-02	4.977147200552e+01
537	10	37	2.550000000000e-02	4.649557127313e+00	-1.601158247997e-03	-2.544968157492e-02	4.976451231089e+01
538	10	38	2.550000000000e-02	4.775220833456e+00	1.601158247998e-03	-2.544968157492e-02	4.976451231089e+01
539	10	39	2.550000000000e-02	4.900884539600e+00	4.778223521936e-03	-2.504832489358e-02	4.977147200552e+01
540	10	40	2.550000000000e-02	5.026548245744e+00	7.879933356561e-03	-2.425194116553e-02	4.978543333200e+01
541	10	41	2.550000000000e-02	5.152211951887e+00	1.085737193491e-02	-2.307308983788e-02	4.980647930365e+01
542	10	42	2.550000000000e-02	5.277875658031e+00	1.366358327196e-02	-2.153036210030e-02	4.983473184152e+01
543	10	43	2.550000000000e-02	5.403539364174e+00	1.625431173859e-02	-1.964808769078e-02	4.987034728400e+01
544	10	44	2.550000000000e-02	5.529203070318e+00	1.858869999925e-02	-1.745595120118e-02	4.991350772598e+01
545	10	45	2.550000000000e-02	5.654866776462e+00	2.062993335656e-02	-1.498852393346e-02	4.996440508051e+01
546	10	46	2.550000000000e-02	5.780530482605e+00	2.234582034112e-02	-1.228471868959e-02	5.002321295693e+01
547	10	47	2.550000000000e-02	5.906194188749e+00	2.370930039015e-02	-9.387176093459e-03	5.009003927928e+01
548	10	48	2.550000000000e-02	6.031857894892e+00	2.469887060878e-02	-6.341592122704e-03	5.016485112410e+01
549	10	49	2.550000000000e-02	6.157521601036e+00	2.529892488352e-02	-3.195997455890e-03	5.024736577537e+01
550	11	0	2.795000000000e-02	0.000000000000e+00	2.795000000000e-02	0.000000000000e+00	5.031929526685e+01
551	11	1	2.795000000000e-02	1.256637061436e-01	2.772960590174e-02	3.503063878122e-03	5.042427902668e+01
552	11	2	2.795000000000e-02	2.513274122872e-01	2.707189935355e-02	6.950882346258e-03	5.053452484525e+01
553	11	3	2.795000000000e-02	3.769911184308e-01	2.598725278058e-02	1.028908124754e-02	5.064742970691e+01
554	11	4	2.795000000000e-02	5.026548245744e-01	2.449277170723e-02	1.346501519114e-02	5.076003666305e+01
555	11	5	2.795000000000e-02	6.283185307180e-01	2.261202499278e-02	1.642859780157e-02	5.086928208220e+01
556	11	6	2.795000000000e-02	7.539822368616e-01	2.037467313643e-02	1.913309161071e-02	5.097218029593e+01
557	11	7	2.795000000000e-02	8.796459430051e-01	1.781600051348e-02	2.153584513558e-02	5.106594993818e+01
558	11	8	2.795000000000e-02	1.005309649149e+00	1.497635891966e-02	2.359896551778e-02	5.114809877040e+01
559	11	9	2.795000000000e-02	1.130973355292e+00	1.190053119924e-02	2.528991611643e-02	5.121648158905e+01
560	11	10	2.795000000000e-02	1.256637061436e+00	8.637024992780e-03	2.658202963045e-02	5.126934080456e+01
561	11	11	2.795000000000e-02	1.382300767580e+00	5.237307742671e-03	2.745492865787e-02	5.130533524994e+01
562	11	12	2.795000000000e-02	1.507964473723e+00	1.754995020844e-03	2.789484705957e-02	5.132356021261e+01
563	11	13	2.795000000000e-02	1.633628179867e+00	-1.754995020844e-03	2.789484705957e-02	5.132356021261e+01
564	11	14	2.795000000000e-02	1.759291886010e+00	-5.237307742671e-03	2.745492865787e-02	5.130533524994e+01
565	11	15	2.795000000000e-02	1.884955592154e+00	-8.637024992780e-03	2.658202963045e-02	5.126934080456e+01
566	11	16	2.795000000000e-02	2.010619298297e+00	-1.190053119924e-02	2.528991611643e-02	5.121648158905e+01
567	11	17	2.795000000000e-02	2.136283004441e+00	-1.497635891966e-02	2.359896551778e-02	5.114809877040e+01
568	11	18	2.795000000000e-02	2.261946710585e+00	-1.781600051348e-02	2.153584513558e-02	5.106594993818e+01
569	11	19	2.795000000000e-02	2.387610416728e+00	-2.037467313643e-02	1.913309161071e-02	5.097218029593e+01
570	11	20	2.795000000000e-02	2.513274122872e+00	-2.261202499278e-02	1.642859780157e-02	5.086928208220e+01
571	11	21	2.795000000000e-02	2.638937829015e+00	-2.449277170723e-02	1.346501519114e-02	5.076003666305e+01
572	11	22	2.795000000000e-02	2.764601535159e+00	-2.598725278058e-02	1.028908124754e-02	5.064742970691e+01
573	11	23	2.795000000000e-02	2.890265241303e+00	-2.707189935355e-02	6.950882346258e-03	5.053452484525e+01
574	11	24	2.795000000000e-02	3.015928947446e+00	-2.772960590174e-02	3.503063878122e-03	5.042427902668e+01
575	11	25	2.795000000000e-02	3.141592653590e+00	-2.795000000000e-02	-8.989405611692e-18	5.031929526685e+01
576	11	26	2.795000000000e-02	3.267256359733e+00	-2.772960590174e-02	-3.503063878122e-03	5.022155739786e+01
577	11	27	2.795000000000e-02	3.392920065877e+00	-2.707189935355e-02	-6.950882346258e-03	5.013227862880e+01
578	11	28	2.795000000000e-02	3.518583772021e+00	-2.598725278058e-02	-1.028908124754e-02	5.005200256595e+01
579	11	29	2.795000000000e-02	3.644247478164e+00	-2.449277170723e-02	-1.346501519114e-02	4.998081883928e+01
580	11	30	2.795000000000e-02	3.769911184308e+00	-2.261202499278e-02	-1.642859780157e-02	4.991856230619e+01
581	11	31	2.795000000000e-02	3.895574890451e+00	-2.037467313643e-02	-1.913309161071e-02	4.986495198649e+01
582	11	32	2.795000000000e-02	4.021238596595e+00	-1.781600051348e-02	-2.153584513558e-02	4.981967474716e+01
583	11	33	2.795000000000e-02	4.146902302739e+00	-1.497635891966e-02	-2.359896551778e-02	4.978243120205e+01
584	11	34	2.795000000000e-02	4.272566008882e+00	-1.190053119924e-02	-2.528991611643e-02	4.975295903674e+01
585	11	35	2.795000000000e-02	4.398229715026e+00	-8.637024992780e-03	-2.658202963045e-02	4.973104389320e+01
586	11	36	2.795000000000e-02	4.523893421169e+00	-5.237307742671e-03	-2.745492865787e-02	4.971652384077e+01
587	11	37	2.795000000000e-02	4.649557127313e+00	-1.754995020844e-03	-2.789484705957e-02	4.970929081065e+01
588	11	38	2.795000000000e-02	4.775220833456e+00	1.754995020844e-03	-2.789484705957e-02	4.970929081064e+01
589	11	39	2.795000000000e-02	4.900884539600e+00	5.237307742671e-03	-2.745492865787e-02	4.971652384077e+01
590	11	40	2.795000000000e-02	5.026548245744e+00	8.637024992780e-03	-2.658202963045e-02	4.973104389320e+01
591	11	41	2.795000000000e-02	5.152211951887e+00	1.190053119924e-02	-2.528991611643e-02	4.975295903674e+01
592	11	42	2.795000000000e-02	5.277875658031e+00	1.497635891966e-02	-2.359896551778e-02	4.978243120205e+01
593	11	43	2.795000000000e-02	5.403539364174e+00	1.781600051348e-02	-2.153584513558e-02	4.981967474716e+01
594	11	44	2.795000000000e-02	5.529203070318e+00	2.037467313643e-02	-1.913309161071e-02	4.986495198649e+01
595	11	45	2.795000000000e-02	5.654866776462e+00	2.261202499278e-02	-1.642859780157e-02	4.991856230619e+01
596	11	46	2.795000000000e-02	5.780530482605e+00	2.449277170723e-02	-1.346501519114e-02	4.998081883928e+01
597	11	47	2.795000000000e-02	5.906194188749e+00	2.598725278058e-02	-1.028908124754e-02	5.005200256595e+01
598	11	48	2.795000000000e-02	6.031857894892e+00	2.707189935355e-02	-6.950882346258e-03	5.013227862880e+01
599	11	49	2.795000000000e-02	6.157521601036e+00	2.772960590174e-02	-3.503063878122e-03	5.022155739786e+01
600	12	0	3.040000000000e-02	0.000000000000e+00	3.040000000000e-02	0.000000000000e+00	5.029977848179e+01
601	12	1	3.040000000000e-02	1.256637061436e-01	3.016028691996e-02	3.810130300355e-03	5.041446261104e+01
602	12	2	3.040000000000e-02	2.513274122872e-01	2.944492809831e-02	7.560172569812e-03	5.053574570220e+01
603	12	3	3.040000000000e-02	3.769911184308e-01	2.826520517100e-02	1.119098640161e-02	5.066053422166e+01
604	12	4	3.040000000000e-02	5.026548245744e-01	2.663972307333e-02	1.464531169269e-02	5.078533448311e+01
605	12	5	3.040000000000e-02	6.283185307180e-01	2.459411662900e-02	1.786867166969e-02	5.090658262829e+01
606	12	6	3.040000000000e-02	7.539822368616e-01	2.216064627361e-02	2.081023202023e-02	5.102085841137e+01
607	12	7	3.040000000000e-02	8.796459430051e-01	1.937768928836e-02	2.342360258038e-02	5.112501494214e+01
608	12	8	3.040000000000e-02	1.005309649149e+00	1.628913456736e-02	2.566756893526e-02	5.121625847508e+01
609	12	9	3.040000000000e-02	1.130973355292e+00	1.294369046358e-02	2.750674239497e-02	5.129220022931e+01
610	12	10	3.040000000000e-02	1.256637061436e+00	9.394116628998e-03	2.891211809537e-02	5.135089213164e+01
611	12	11	3.040000000000e-02	1.382300767580e+00	5.696391963406e-03	2.986153242215e-02	5.139085234580e+01
612	12	12	3.040000000000e-02	1.507964473723e+00	1.908831793691e-03	3.034001254422e-02	5.141108328813e+01
613	12	13	3.040000000000e-02	1.633628179867e+00	-1.908831793691e-03	3.034001254422e-02	5.141108328813e+01
614	12	14	3.040000000000e-02	1.759291886010e+00	-5.696391963406e-03	2.986153242215e-02	5.139085234580e+01
615	12	15	3.040000000000e-02	1.884955592154e+00	-9.394116628998e-03	2.891211809537e-02	5.135089213164e+01
616	12	16	3.040000000000e-02	2.010619298297e+00	-1.294369046358e-02	2.750674239497e-02	5.129220022931e+01
617	12	17	3.040000000000e-02	2.136283004441e+00	-1.628913456736e-02	2.566756893526e-02	5.121625847508e+01
618	12	18	3.040000000000e-02	2.261946710585e+00	-1.937768928836e-02	2.342360258038e-02	5.112501494214e+01
619	12	19	3.040000000000e-02	2.387610416728e+00	-2.216064627361e-02	2.081023202023e-02	5.102085841137e+01
620	12	20	3.040000000000e-02	2.513274122872e+00	-2.459411662900e-02	1.786867166969e-02	5.090658262829e+01
621	12	21	3.040000000000e-02	2.638937829015e+00	-2.663972307333e-02	1.464531169269e-02	5.078533448311e+01
622	12	22	3.040000000000e-02	2.764601535159e+00	-2.826520517100e-02	1.119098640161e-02	5.066053422166e+01
623	12	23	3.040000000000e-02	2.890265241303e+00	-2.944492809831e-02	7.560172569812e-03	5.053574570220e+01
624	12	24	3.040000000000e-02	3.015928947446e+00	-3.016028691996e-02	3.810130300355e-03	5.041446261104e+01
625	12	25	3.040000000000e-02	3.141592653590e+00	-3.040000000000e-02	-9.777385710034e-18	5.029977848179e+01
626	12	26	3.040000000000e-02	3.267256359733e+00	-3.016028691996e-02	-3.810130300355e-03	5.019397402124e+01
627	12	27	3.040000000000e-02	3.392920065877e+00	-2.944492809831e-02	-7.560172569812e-03	5.009824575938e+01
628	12	28	3.040000000000e-02	3.518583772021e+00	-2.826520517100e-02	-1.119098640161e-02	5.001292256126e+01
629	12	29	3.040000000000e-02	3.644247478164e+00	-2.663972307333e-02	-1.464531169269e-02	4.993782432789e+01
630	12	30	3.040000000000e-02	3.769911184308e+00	-2.459411662900e-02	-1.786867166969e-02	4.987253971966e+01
631	12	31	3.040000000000e-02	3.895574890451e+00	-2.216064627361e-02	-2.081023202023e-02	4.981659022372e+01
632	12	32	3.040000000000e-02	4.021238596595e+00	-1.937768928836e-02	-2.342360258038e-02	4.976951350417e+01
633	12	33	3.040000000000e-02	4.146902302739e+00	-1.628913456736e-02	-2.566756893526e-02	4.973090085422e+01
634	12	34	3.040000000000e-02	4.272566008882e+00	-1.294369046358e-02	-2.750674239497e-02	4.970041140254e+01
635	12	35	3.040000000000e-02	4.398229715026e+00	-9.394116628998e-03	-2.891211809537e-02	4.967777555965e+01
636	12	36	3.040000000000e-02	4.523893421169e+00	-5.696391963406e-03	-2.986153242215e-02	4.966279407640e+01
637	12	37	3.040000000000e-02	4.649557127313e+00	-1.908831793691e-03	-3.034001254422e-02	4.965533583253e+01
638	12	38	3.040000000000e-02	4.775220833456e+00	1.908831793691e-03	-3.034001254422e-02	4.965533583253e+01
639	12	39	3.040000000000e-02	4.900884539600e+00	5.696391963406e-03	-2.986153242215e-02	4.966279407640e+01
640	12	40	3.040000000000e-02	5.026548245744e+00	9.394116628998e-03	-2.891211809537e-02	4.967777555965e+01
641	12	41	3.040000000000e-02	5.152211951887e+00	1.294369046358e-02	-2.750674239497e-02	4.970041140254e+01
642	12	42	3.040000000000e-02	5.277875658031e+00	1.628913456736e-02	-2.566756893526e-02	4.973090085422e+01
643	12	43	3.040000000000e-02	5.403539364174e+00	1.937768928836e-02	-2.342360258038e-02	4.976951350417e+01
644	12	44	3.040000000000e-02	5.529203070318e+00	2.216064627361e-02	-2.081023202023e-02	4.981659022372e+01
645	12	45	3.040000000000e-02	5.654866776462e+00	2.459411662900e-02	-1.786867166969e-02	4.987253971966e+01
646	12	46	3.040000000000e-02	5.780530482605e+00	2.663972307333e-02	-1.464531169269e-02	4.993782432789e+01
647	12	47	3.040000000000e-02	5.906194188749e+00	2.826520517100e-02	-1.119098640161e-02	5.001292256126e+01
648	12	48	3.040000000000e-02	6.031857894892e+00	2.944492809831e-02	-7.560172569812e-03	5.009824575938e+01
649	12	49	3.040000000000e-02	6.157521601036e+00	3.016028691996e-02	-3.810130300355e-03	5.019397402124e+01
650	13	0	3.285000000000e-02	0.000000000000e+00	3.285000000000e-02	0.000000000000e+00	5.027826370600e+01
651	13	1	3.285000000000e-02	1.256637061436e-01	3.259096793818e-02	4.117196722587e-03	5.040279844622e+01
652	13	2	3.285000000000e-02	2.513274122872e-01	3.181795684308e-02	8.169462793365e-03	5.053548685191e+01
653	13	3	3.285000000000e-02	3.769911184308e-01	3.054315756143e-02	1.209289155569e-02	5.067261971138e+01
654	13	4	3.285000000000e-02	5.026548245744e-01	2.878667443944e-02	1.582560819424e-02	5.081007771606e+01
655	13	5	3.285000000000e-02	6.283185307180e-01	2.657620826522e-02	1.930874553781e-02	5.094375100873e+01
656	13	6	3.285000000000e-02	7.539822368616e-01	2.394661941079e-02	2.248737242976e-02	5.106976713603e+01
657	13	7	3.285000000000e-02	8.796459430051e-01	2.093937806324e-02	2.531136002518e-02	5.118461045425e+01
658	13	8	3.285000000000e-02	1.005309649149e+00	1.760191021506e-02	2.773617235274e-02	5.128518858054e+01
659	13	9	3.285000000000e-02	1.130973355292e+00	1.398684972791e-02	2.972356867351e-02	5.136887389479e+01
660	13	10	3.285000000000e-02	1.256637061436e+00	1.015120826522e-02	3.124220656030e-02	5.143353250343e+01
661	13	11	3.285000000000e-02	1.382300767580e+00	6.155476184141e-03	3.226813618644e-02	5.147754567571e+01
662	13	12	3.285000000000e-02	1.507964473723e+00	2.062668566538e-03	3.278517802887e-02	5.149982554131e+01
663	13	13	3.285000000000e-02	1.633628179867e+00	-2.062668566538e-03	3.278517802887e-02	5.149982554131e+01
664	13	14	3.285000000000e-02	1.759291886010e+00	-6.155476184141e-03	3.226813618644e-02	5.147754567570e+01
665	13	15	3.285000000000e-02	1.884955592154e+00	-1.015120826522e-02	3.124220656030e-02	5.143353250343e+01
666	13	16	3.285000000000e-02	2.010619298297e+00	-1.398684972791e-02	2.972356867351e-02	5.136887389479e+01
667	13	17	3.285000000000e-02	2.136283004441e+00	-1.760191021506e-02	2.773617235274e-02	5.128518858054e+01
668	13	18	3.285000000000e-02	2.261946710585e+00	-2.093937806324e-02	2.531136002518e-02	5.118461045425e+01
669	13	19	3.285000000000e-02	2.387610416728e+00	-2.394661941079e-02	2.248737242976e-02	5.106976713603e+01
670	13	20	3.285000000000e-02	2.513274122872e+00	-2.657620826522e-02	1.930874553781e-02	5.094375100873e+01
671	13	21	3.285000000000e-02	2.638937829015e+00	-2.878667443944e-02	1.582560819424e-02	5.081007771606e+01
672	13	22	3.285000000000e-02	2.764601535159e+00	-3.054315756143e-02	1.209289155569e-02	5.067261971138e+01
673	13	23	3.285000000000e-02	2.890265241303e+00	-3.181795684308e-02	8.169462793365e-03	5.053548685191e+01
674	13	24	3.285000000000e-02	3.015928947446e+00	-3.259096793818e-02	4.117196722587e-03	5.040279844622e+01
675	13	25	3.285000000000e-02	3.141592653590e+00	-3.285000000000e-02	-1.056536580838e-17	5.027826370600e+01
676	13	26	3.285000000000e-02	3.267256359733e+00	-3.259096793818e-02	-4.117196722587e-03	5.016454449853e+01
677	13	27	3.285000000000e-02	3.392920065877e+00	-3.181795684308e-02	-8.169462793365e-03	5.006273636361e+01
678	13	28	3.285000000000e-02	3.518583772021e+00	-3.054315756143e-02	-1.209289155569e-02	4.997282824008e+01
679	13	29	3.285000000000e-02	3.644247478164e+00	-2.878667443944e-02	-1.582560819424e-02	4.989428139129e+01
680	13	30	3.285000000000e-02	3.769911184308e+00	-2.657620826522e-02	-1.930874553781e-02	4.982639248562e+01
681	13	31	3.285000000000e-02	3.895574890451e+00	-2.394661941079e-02	-2.248737242976e-02	4.976846782595e+01
682	13	32	3.285000000000e-02	4.021238596595e+00	-2.093937806324e-02	-2.531136002518e-02	4.971989262468e+01
683	13	33	3.285000000000e-02	4.146902302739e+00	-1.760191021506e-02	-2.773617235274e-02	4.968015170664e+01
684	13	34	3.285000000000e-02	4.272566008882e+00	-1.398684972791e-02	-2.972356867351e-02	4.964883036686e+01
685	13	35	3.285000000000e-02	4.398229715026e+00	-1.015120826522e-02	-3.124220656030e-02	4.962560843541e+01
686	13	36	3.285000000000e-02	4.523893421169e+00	-6.155476184141e-03	-3.226813618644e-02	4.961025311015e+01
687	13	37	3.285000000000e-02	4.649557127313e+00	-2.062668566538e-03	-3.278517802887e-02	4.960261279745e+01
688	13	38	3.285000000000e-02	4.775220833456e+00	2.062668566538e-03	-3.278517802887e-02	4.960261279745e+01
689	13	39	3.285000000000e-02	4.900884539600e+00	6.155476184141e-03	-3.226813618644e-02	4.961025311015e+01
690	13	40	3.285000000000e-02	5.026548245744e+00	1.015120826522e-02	-3.124220656030e-02	4.962560843541e+01
691	13	41	3.285000000000e-02	5.152211951887e+00	1.398684972791e-02	-2.972356867351e-02	4.964883036686e+01
692	13	42	3.285000000000e-02	5.277875658031e+00	1.760191021506e-02	-2.773617235274e-02	4.968015170664e+01
693	13	43	3.285000000000e-02	5.403539364174e+00	2.093937806324e-02	-2.531136002518e-02	4.971989262468e+01
694	13	44	3.285000000000e-02	5.529203070318e+00	2.394661941079e-02	-2.248737242976e-02	4.976846782595e+01
695	13	45	3.285000000000e-02	5.654866776462e+00	2.657620826522e-02	-1.930874553781e-02	4.982639248562e+01
696	13	46	3.285000000000e-02	5.780530482605e+00	2.878667443944e-02	-1.582560819424e-02	4.989428139129e+01
697	13	47	3.285000000000e-02	5.906194188749e+00	3.054315756143e-02	-1.209289155569e-02	4.997282824008e+01
698	13	48	3.285000000000e-02	6.031857894892e+00	3.181795684308e-02	-8.169462793365e-03	5.006273636361e+01
699	13	49	3.285000000000e-02	6.157521601036e+00	3.259096793818e-02	-4.117196722587e-03	5.016454449853e+01
700	14	0	3.530000000000e-02	0.000000000000e+00	3.530000000000e-02	0.000000000000e+00	5.025462391114e+01
701	14	1	3.530000000000e-02	1.256637061436e-01	3.502164895640e-02	4.424263144820e-03	5.038920491625e+01
702	14	2	3.530000000000e-02	2.513274122872e-01	3.419098558784e-02	8.778753016919e-03	5.053373816332e+01
703	14	3	3.530000000000e-02	3.769911184308e-01	3.282110995186e-02	1.299479670977e-02	5.068372663396e+01
704	14	4	3.530000000000e-02	5.026548245744e-01	3.093362580555e-02	1.700590469579e-02	5.083432790973e+01
705	14	5	3.530000000000e-02	6.283185307180e-01	2.855829990144e-02	2.074881940592e-02	5.098084798406e+01
706	14	6	3.530000000000e-02	7.539822368616e-01	2.573259254798e-02	2.416451283928e-02	5.111895416205e+01
707	14	7	3.530000000000e-02	8.796459430051e-01	2.250106683813e-02	2.719911746999e-02	5.124476599454e+01
708	14	8	3.530000000000e-02	1.005309649149e+00	1.891468586276e-02	2.980477577022e-02	5.135489984024e+01
709	14	9	3.530000000000e-02	1.130973355292e+00	1.503000899225e-02	3.194039495205e-02	5.144649657691e+01
710	14	10	3.530000000000e-02	1.256637061436e+00	1.090829990144e-02	3.357229502522e-02	5.151724257183e+01
711	14	11	3.530000000000e-02	1.382300767580e+00	6.614560404876e-03	3.467473995072e-02	5.156538671186e+01
712	14	12	3.530000000000e-02	1.507964473723e+00	2.216505339385e-03	3.523034351352e-02	5.158975378281e+01
713	14	13	3.530000000000e-02	1.633628179867e+00	-2.216505339385e-03	3.523034351352e-02	5.158975378281e+01
714	14	14	3.530000000000e-02	1.759291886010e+00	-6.614560404876e-03	3.467473995072e-02	5.156538671186e+01
715	14	15	3.530000000000e-02	1.884955592154e+00	-1.090829990144e-02	3.357229502522e-02	5.151724257183e+01
716	14	16	3.530000000000e-02	2.010619298297e+00	-1.503000899225e-02	3.194039495205e-02	5.144649657691e+01
717	14	17	3.530000000000e-02	2.136283004441e+00	-1.891468586276e-02	2.980477577022e-02	5.135489984024e+01
718	14	18	3.530000000000e-02	2.261946710585e+00	-2.250106683813e-02	2.719911746999e-02	5.124476599454e+01
719	14	19	3.530000000000e-02	2.387610416728e+00	-2.573259254798e-02	2.416451283928e-02	5.111895416205e+01
720	14	20	3.530000000000e-02	2.513274122872e+00	-2.855829990144e-02	2.074881940592e-02	5.098084798406e+01
721	14	21	3.530000000000e-02	2.638937829015e+00	-3.093362580555e-02	1.700590469579e-02	5.083432790973e+01
722	14	22	3.530000000000e-02	2.764601535159e+00	-3.282110995186e-02	1.299479670977e-02	5.068372663396e+01
723	14	23	3.530000000000e-02	2.890265241303e+00	-3.419098558784e-02	8.778753016919e-03	5.053373816332e+01
724	14	24	3.530000000000e-02	3.015928947446e+00	-3.502164895640e-02	4.424263144820e-03	5.038920491625e+01
725	14	25	3.530000000000e-02	3.141592653590e+00	-3.530000000000e-02	-1.135334590672e-17	5.025462391114e+01
726	14	26	3.530000000000e-02	3.267256359733e+00	-3.502164895640e-02	-4.424263144820e-03	5.013318700617e+01
727	14	27	3.530000000000e-02	3.392920065877e+00	-3.419098558784e-02	-8.778753016919e-03	5.002573989852e+01
728	14	28	3.530000000000e-02	3.518583772021e+00	-3.282110995186e-02	-1.299479670977e-02	4.993175945056e+01
729	14	29	3.530000000000e-02	3.644247478164e+00	-3.093362580555e-02	-1.700590469579e-02	4.985025077941e+01
730	14	30	3.530000000000e-02	3.769911184308e+00	-2.855829990144e-02	-2.074881940592e-02	4.978018039103e+01
731	14	31	3.530000000000e-02	3.895574890451e+00	-2.573259254798e-02	-2.416451283928e-02	4.972063135148e+01
732	14	32	3.530000000000e-02	4.021238596595e+00	-2.250106683813e-02	-2.719911746999e-02	4.967084035249e+01
733	14	33	3.530000000000e-02	4.146902302739e+00	-1.891468586276e-02	-2.980477577022e-02	4.963019311428e+01
734	14	34	3.530000000000e-02	4.272566008882e+00	-1.503000899225e-02	-3.194039495205e-02	4.959820842242e+01
735	14	35	3.530000000000e-02	4.398229715026e+00	-1.090829990144e-02	-3.357229502522e-02	4.957452159711e+01
736	14	36	3.530000000000e-02	4.523893421169e+00	-6.614560404876e-03	-3.467473995072e-02	4.955887078721e+01
737	14	37	3.530000000000e-02	4.649557127313e+00	-2.216505339385e-03	-3.523034351352e-02	4.955108686299e+01
738	14	38	3.530000000000e-02	4.775220833456e+00	2.216505339385e-03	-3.523034351352e-02	4.955108686299e+01
739	14	39	3.530000000000e-02	4.900884539600e+00	6.614560404876e-03	-3.467473995072e-02	4.955887078721e+01
740	14	40	3.530000000000e-02	5.026548245744e+00	1.090829990144e-02	-3.357229502522e-02	4.957452159711e+01
741	14	41	3.530000000000e-02	5.152211951887e+00	1.503000899225e-02	-3.194039495205e-02	4.959820842242e+01
742	14	42	3.530000000000e-02	5.277875658031e+00	1.891468586276e-02	-2.980477577022e-02	4.963019311428e+01
743	14	43	3.530000000000e-02	5.403539364174e+00	2.250106683813e-02	-2.719911746999e-02	4.967084035249e+01
744	14	44	3.530000000000e-02	5.529203070318e+00	2.573259254798e-02	-2.416451283928e-02	4.972063135148e+01
745	14	45	3.530000000000e-02	5.654866776462e+00	2.855829990144e-02	-2.074881940592e-02	4.978018039103e+01
746	14	46	3.530000000000e-02	5.780530482605e+00	3.093362580555e-02	-1.700590469579e-02	4.985025077941e+01
747	14	47	3.530000000000e-02	5.906194188749e+00	3.282110995186e-02	-1.299479670977e-02	4.993175945056e+01
748	14	48	3.530000000000e-02	6.031857894892e+00	3.419098558784e-02	-8.778753016919e-03	5.002573989852e+01
749	14	49	3.530000000000e-02	6.157521601036e+00	3.502164895640e-02	-4.424263144820e-03	5.013318700617e+01
750	15	0	3.775000000000e-02	0.000000000000e+00	3.775000000000e-02	0.000000000000e+00	5.022869551889e+01
751	15	1	3.775000000000e-02	1.256637061436e-01	3.745232997462e-02	4.731329567052e-03	5.037358991532e+01
752	15	2	3.775000000000e-02	2.513274122872e-01	3.656401433261e-02	9.388043240473e-03	5.053049926542e+01
753	15	3	3.775000000000e-02	3.769911184308e-01	3.509906234228e-02	1.389670186385e-02	5.069390863778e+01
754	15	4	3.775000000000e-02	5.026548245744e-01	3.308057717166e-02	1.818620119734e-02	5.085815542590e+01
755	15	5	3.775000000000e-02	6.283185307180e-01	3.054039153765e-02	2.218889327404e-02	5.101793789126e+01
756	15	6	3.775000000000e-02	7.539822368616e-01	2.751856568516e-02	2.584165324881e-02	5.116846716061e+01
757	15	7	3.775000000000e-02	8.796459430051e-01	2.406275561301e-02	2.908687491479e-02	5.130550931204e+01
758	15	8	3.775000000000e-02	1.005309649149e+00	2.022746151046e-02	3.187337918770e-02	5.142540081298e+01
759	15	9	3.775000000000e-02	1.130973355292e+00	1.607316825658e-02	3.415722123059e-02	5.152506038526e+01
760	15	10	3.775000000000e-02	1.256637061436e+00	1.166539153765e-02	3.590238349014e-02	5.160200169271e+01
761	15	11	3.775000000000e-02	1.382300767580e+00	7.073644625611e-03	3.708134371501e-02	5.165434617527e+01
762	15	12	3.775000000000e-02	1.507964473723e+00	2.370342112232e-03	3.767550899817e-02	5.168083438795e+01
763	15	13	3.775000000000e-02	1.633628179867e+00	-2.370342112232e-03	3.767550899817e-02	5.168083438795e+01
764	15	14	3.775000000000e-02	1.759291886010e+00	-7.073644625611e-03	3.708134371501e-02	5.165434617527e+01
765	15	15	3.775000000000e-02	1.884955592154e+00	-1.166539153765e-02	3.590238349014e-02	5.160200169271e+01
766	15	16	3.775000000000e-02	2.010619298297e+00	-1.607316825658e-02	3.415722123059e-02	5.152506038526e+01
767	15	17	3.775000000000e-02	2.136283004441e+00	-2.022746151046e-02	3.187337918770e-02	5.142540081298e+01
768	15	18	3.775000000000e-02	2.261946710585e+00	-2.406275561301e-02	2.908687491479e-02	5.130550931204e+01
769	15	19	3.775000000000e-02	2.387610416728e+00	-2.751856568516e-02	2.584165324881e-02	5.116846716061e+01
770	15	20	3.775000000000e-02	2.513274122872e+00	-3.054039153765e-02	2.218889327404e-02	5.101793789126e+01
771	15	21	3.775000000000e-02	2.638937829015e+00	-3.308057717166e-02	1.818620119734e-02	5.085815542590e+01
772	15	22	3.775000000000e-02	2.764601535159e+00	-3.509906234228e-02	1.389670186385e-02	5.069390863778e+01
773	15	23	3.775000000000e-02	2.890265241303e+00	-3.656401433261e-02	9.388043240473e-03	5.053049926542e+01
774	15	24	3.775000000000e-02	3.015928947446e+00	-3.745232997462e-02	4.731329567052e-03	5.037358991532e+01
775	15	25	3.775000000000e-02	3.141592653590e+00	-3.775000000000e-02	-1.214132600506e-17	5.022869551889e+01
776	15	26	3.775000000000e-02	3.267256359733e+00	-3.745232997462e-02	-4.731329567052e-03	5.009980927603e+01
777	15	27	3.775000000000e-02	3.392920065877e+00	-3.656401433261e-02	-9.388043240473e-03	4.998725567108e+01
778	15	28	3.775000000000e-02	3.518583772021e+00	-3.509906234228e-02	-1.389670186385e-02	4.988976936438e+01
779	15	29	3.775000000000e-02	3.644247478164e+00	-3.308057717166e-02	-1.818620119734e-02	4.980580223015e+01
780	15	30	3.775000000000e-02	3.769911184308e+00	-3.054039153765e-02	-2.218889327404e-02	4.973396701171e+01
781	15	31	3.775000000000e-02	3.895574890451e+00	-2.751856568516e-02	-2.584165324881e-02	4.967312758504e+01
782	15	32	3.775000000000e-02	4.021238596595e+00	-2.406275561301e-02	-2.908687491479e-02	4.962238343882e+01
783	15	33	3.775000000000e-02	4.146902302739e+00	-2.022746151046e-02	-3.187337918770e-02	4.958103254258e+01
784	15	34	3.775000000000e-02	4.272566008882e+00	-1.607316825658e-02	-3.415722123059e-02	4.954853650709e+01
785	15	35	3.775000000000e-02	4.398229715026e+00	-1.166539153765e-02	-3.590238349014e-02	4.952449316903e+01
786	15	36	3.775000000000e-02	4.523893421169e+00	-7.073644625611e-03	-3.708134371501e-02	4.950861655656e+01
787	15	37	3.775000000000e-02	4.649557127313e+00	-2.370342112232e-03	-3.767550899817e-02	4.950072311208e+01
788	15	38	3.775000000000e-02	4.775220833456e+00	2.370342112232e-03	-3.767550899817e-02	4.950072311208e+01
789	15	39	3.775000000000e-02	4.900884539600e+00	7.073644625611e-03	-3.708134371501e-02	4.950861655656e+01
790	15	40	3.775000000000e-02	5.026548245744e+00	1.166539153765e-02	-3.590238349014e-02	4.952449316903e+01
791	15	41	3.775000000000e-02	5.152211951887e+00	1.607316825658e-02	-3.415722123059e-02	4.954853650709e+01
792	15	42	3.775000000000e-02	5.277875658031e+00	2.022746151046e-02	-3.187337918770e-02	4.958103254258e+01
793	15	43	3.775000000000e-02	5.403539364174e+00	2.406275561301e-02	-2.908687491479e-02	4.962238343882e+01
794	15	44	3.775000000000e-02	5.529203070318e+00	2.751856568516e-02	-2.584165324881e-02	4.967312758504e+01
795	15	45	3.775000000000e-02	5.654866776462e+00	3.054039153765e-02	-2.218889327404e-02	4.973396701171e+01
796	15	46	3.775000000000e-02	5.780530482605e+00	3.308057717166e-02	-1.818620119734e-02	4.980580223015e+01
797	15	47	3.775000000000e-02	5.906194188749e+00	3.509906234228e-02	-1.389670186385e-02	4.988976936438e+01
798	15	48	3.775000000000e-02	6.031857894892e+00	3.656401433261e-02	-9.388043240473e-03	4.998725567108e+01
799	15	49	3.775000000000e-02	6.157521601036e+00	3.745232997462e-02	-4.731329567052e-03	5.009980927603e+01
800	16	0	4.020000000000e-02	0.000000000000e+00	4.020000000000e-02	0.000000000000e+00	5.020026203634e+01
801	16	1	4.020000000000e-02	1.256637061436e-01	3.988301099284e-02	5.038395989285e-03	5.035585316129e+01
802	16	2	4.020000000000e-02	2.513274122872e-01	3.893704307737e-02	9.997333464027e-03	5.052578542806e+01
803	16	3	4.020000000000e-02	3.769911184308e-01	3.737701473271e-02	1.479860701792e-02	5.070323499081e+01
804	16	4	4.020000000000e-02	5.026548245744e-01	3.522752853776e-02	1.936649769889e-02	5.088163923031e+01
805	16	5	4.020000000000e-02	6.283185307180e-01	3.252248317387e-02	2.362896714216e-02	5.105508761003e+01
806	16	6	4.020000000000e-02	7.539822368616e-01	2.930453882234e-02	2.751879365833e-02	5.121835288117e+01
807	16	7	4.020000000000e-02	8.796459430051e-01	2.562444438790e-02	3.097463235959e-02	5.136686588020e+01
808	16	8	4.020000000000e-02	1.005309649149e+00	2.154023715816e-02	3.394198260518e-02	5.149669771213e+01
809	16	9	4.020000000000e-02	1.130973355292e+00	1.711632752092e-02	3.637404750913e-02	5.160455562994e+01
810	16	10	4.020000000000e-02	1.256637061436e+00	1.242248317387e-02	3.823247195507e-02	5.168778813455e+01
811	16	11	4.020000000000e-02	1.382300767580e+00	7.532728846346e-03	3.948794747929e-02	5.174439430101e+01
812	16	12	4.020000000000e-02	1.507964473723e+00	2.524178885078e-03	4.012067448282e-02	5.177303358149e+01
813	16	13	4.020000000000e-02	1.633628179867e+00	-2.524178885078e-03	4.012067448282e-02	5.177303358149e+01
814	16	14	4.020000000000e-02	1.759291886010e+00	-7.532728846346e-03	3.948794747929e-02	5.174439430101e+01
815	16	15	4.020000000000e-02	1.884955592154e+00	-1.242248317387e-02	3.823247195507e-02	5.168778813455e+01
816	16	16	4.020000000000e-02	2.010619298297e+00	-1.711632752092e-02	3.637404750913e-02	5.160455562994e+01
817	16	17	4.020000000000e-02	2.136283004441e+00	-2.154023715816e-02	3.394198260518e-02	5.149669771213e+01
818	16	18	4.020000000000e-02	2.261946710585e+00	-2.562444438790e-02	3.097463235959e-02	5.136686588020e+01
819	16	19	4.020000000000e-02	2.387610416728e+00	-2.930453882234e-02	2.751879365833e-02	5.121835288117e+01
820	16	20	4.020000000000e-02	2.513274122872e+00	-3.252248317387e-02	2.362896714216e-02	5.105508761003e+01
821	16	21	4.020000000000e-02	2.638937829015e+00	-3.522752853776e-02	1.936649769889e-02	5.088163923031e+01
822	16	22	4.020000000000e-02	2.764601535159e+00	-3.737701473271e-02	1.479860701792e-02	5.070323499081e+01
823	16	23	4.020000000000e-02	2.890265241303e+00	-3.893704307737e-02	9.997333464027e-03	5.052578542806e+01
824	16	24	4.020000000000e-02	3.015928947446e+00	-3.988301099284e-02	5.038395989285e-03	5.035585316129e+01
825	16	25	4.020000000000e-02	3.141592653590e+00	-4.020000000000e-02	-1.292930610340e-17	5.020026203634e+01
826	16	26	4.020000000000e-02	3.267256359733e+00	-3.988301099284e-02	-5.038395989285e-03	5.006431089629e+01
827	16	27	4.020000000000e-02	3.392920065877e+00	-3.893704307737e-02	-9.997333464027e-03	4.994729869375e+01
828	16	28	4.020000000000e-02	3.518583772021e+00	-3.737701473271e-02	-1.479860701792e-02	4.984692686856e+01
829	16	29	4.020000000000e-02	3.644247478164e+00	-3.522752853776e-02	-1.936649769889e-02	4.976101421073e+01
830	16	30	4.020000000000e-02	3.769911184308e+00	-3.252248317387e-02	-2.362896714216e-02	4.968781861912e+01
831	16	31	4.020000000000e-02	3.895574890451e+00	-2.930453882234e-02	-2.751879365833e-02	4.962600256767e+01
832	16	32	4.020000000000e-02	4.021238596595e+00	-2.562444438790e-02	-3.097463235959e-02	4.957454655978e+01
833	16	33	4.020000000000e-02	4.146902302739e+00	-2.154023715816e-02	-3.394198260518e-02	4.953267533116e+01
834	16	34	4.020000000000e-02	4.272566008882e+00	-1.711632752092e-02	-3.637404750913e-02	4.949980399462e+01
835	16	35	4.020000000000e-02	4.398229715026e+00	-1.242248317387e-02	-3.823247195507e-02	4.947550043548e+01
836	16	36	4.020000000000e-02	4.523893421169e+00	-7.532728846346e-03	-3.948794747929e-02	4.945945963676e+01
837	16	37	4.020000000000e-02	4.649557127313e+00	-2.524178885078e-03	-4.012067448282e-02	4.945148673668e+01
838	16	38	4.020000000000e-02	4.775220833456e+00	2.524178885078e-03	-4.012067448282e-02	4.945148673668e+01
839	16	39	4.020000000000e-02	4.900884539600e+00	7.532728846346e-03	-3.948794747929e-02	4.945945963676e+01
840	16	40	4.020000000000e-02	5.026548245744e+00	1.242248317387e-02	-3.823247195507e-02	4.947550043548e+01
841	16	41	4.020000000000e-02	5.152211951887e+00	1.711632752092e-02	-3.637404750913e-02	4.949980399462e+01
842	16	42	4.020000000000e-02	5.277875658031e+00	2.154023715816e-02	-3.394198260518e-02	4.953267533116e+01
843	16	43	4.020000000000e-02	5.403539364174e+00	2.562444438790e-02	-3.097463235959e-02	4.957454655978e+01
844	16	44	4.020000000000e-02	5.529203070318e+00	2.930453882234e-02	-2.751879365833e-02	4.962600256767e+01
845	16	45	4.020000000000e-02	5.654866776462e+00	3.252248317387e-02	-2.362896714216e-02	4.968781861912e+01
846	16	46	4.020000000000e-02	5.780530482605e+00	3.522752853776e-02	-1.936649769889e-02	4.976101421073e+01
847	16	47	4.020000000000e-02	5.906194188749e+00	3.737701473271e-02	-1.479860701792e-02	4.984692686856e+01
848	16	48	4.020000000000e-02	6.031857894892e+00	3.893704307737e-02	-9.997333464027e-03	4.994729869375e+01
849	16	49	4.020000000000e-02	6.157521601036e+00	3.988301099284e-02	-5.038395989285e-03	5.006431089629e+01
850	17	0	4.265000000000e-02	0.000000000000e+00	4.265000000000e-02	0.000000000000e+00	5.016902796091e+01
851	17	1	4.265000000000e-02	1.256637061436e-01	4.231369201106e-02	5.345462411518e-03	5.033589267483e+01
852	17	2	4.265000000000e-02	2.513274122872e-01	4.131007182214e-02	1.060662368758e-02	5.051963523327e+01
853	17	3	4.265000000000e-02	3.769911184308e-01	3.965496712313e-02	1.570051217200e-02	5.071179256998e+01
854	17	4	4.265000000000e-02	5.026548245744e-01	3.737447990387e-02	2.054679420044e-02	5.090486606690e+01
855	17	5	4.265000000000e-02	6.283185307180e-01	3.450457481009e-02	2.506904101027e-02	5.109236527290e+01
856	17	6	4.265000000000e-02	7.539822368616e-01	3.109051195952e-02	2.919593406786e-02	5.126865624309e+01
857	17	7	4.265000000000e-02	8.796459430051e-01	2.718613316278e-02	3.286238980439e-02	5.142885846632e+01
858	17	8	4.265000000000e-02	1.005309649149e+00	2.285301280585e-02	3.601058602266e-02	5.156879432013e+01
859	17	9	4.265000000000e-02	1.130973355292e+00	1.815948678525e-02	3.859087378768e-02	5.168497093136e+01
860	17	10	4.265000000000e-02	1.256637061436e+00	1.317957481009e-02	4.056256041999e-02	5.177457927756e+01
861	17	11	4.265000000000e-02	1.382300767580e+00	7.991813067081e-03	4.189455124358e-02	5.183550106827e+01
862	17	12	4.265000000000e-02	1.507964473723e+00	2.678015657925e-03	4.256583996747e-02	5.186631767456e+01
863	17	13	4.265000000000e-02	1.633628179867e+00	-2.678015657925e-03	4.256583996747e-02	5.186631767456e+01
864	17	14	4.265000000000e-02	1.759291886010e+00	-7.991813067081e-03	4.189455124358e-02	5.183550106827e+01
865	17	15	4.265000000000e-02	1.884955592154e+00	-1.317957481009e-02	4.056256041999e-02	5.177457927756e+01
866	17	16	4.265000000000e-02	2.010619298297e+00	-1.815948678525e-02	3.859087378768e-02	5.168497093136e+01
867	17	17	4.265000000000e-02	2.136283004441e+00	-2.285301280585e-02	3.601058602266e-02	5.156879432013e+01
868	17	18	4.265000000000e-02	2.261946710585e+00	-2.718613316278e-02	3.286238980439e-02	5.142885846632e+01
869	17	19	4.265000000000e-02	2.387610416728e+00	-3.109051195952e-02	2.919593406786e-02	5.126865624309e+01
870	17	20	4.265000000000e-02	2.513274122872e+00	-3.450457481009e-02	2.506904101027e-02	5.109236527290e+01
871	17	21	4.265000000000e-02	2.638937829015e+00	-3.737447990387e-02	2.054679420044e-02	5.090486606690e+01
872	17	22	4.265000000000e-02	2.764601535159e+00	-3.965496712313e-02	1.570051217200e-02	5.071179256998e+01
873	17	23	4.265000000000e-02	2.890265241303e+00	-4.131007182214e-02	1.060662368758e-02	5.051963523327e+01
874	17	24	4.265000000000e-02	3.015928947446e+00	-4.231369201106e-02	5.345462411518e-03	5.033589267483e+01
875	17	25	4.265000000000e-02	3.141592653590e+00	-4.265000000000e-02	-1.371728620174e-17	5.016902796091e+01
876	17	26	4.265000000000e-02	3.267256359733e+00	-4.231369201106e-02	-5.345462411518e-03	5.002658978200e+01
877	17	27	4.265000000000e-02	3.392920065877e+00	-4.131007182214e-02	-1.060662368758e-02	4.990590733900e+01
878	17	28	4.265000000000e-02	3.518583772021e+00	-3.965496712313e-02	-1.570051217200e-02	4.980331852978e+01
879	17	29	4.265000000000e-02	3.644247478164e+00	-3.737447990387e-02	-2.054679420044e-02	4.971597305909e+01
880	17	30	4.265000000000e-02	3.769911184308e+00	-3.450457481009e-02	-2.506904101027e-02	4.964180285041e+01
881	17	31	4.265000000000e-02	3.895574890451e+00	-3.109051195952e-02	-2.919593406786e-02	4.957930064186e+01
882	17	32	4.265000000000e-02	4.021238596595e+00	-2.718613316278e-02	-3.286238980439e-02	4.952735183335e+01
883	17	33	4.265000000000e-02	4.146902302739e+00	-2.285301280585e-02	-3.601058602266e-02	4.948512455092e+01
884	17	34	4.265000000000e-02	4.272566008882e+00	-1.815948678525e-02	-3.859087378768e-02	4.945199874290e+01
885	17	35	4.265000000000e-02	4.398229715026e+00	-1.317957481009e-02	-4.056256041999e-02	4.942751997518e+01
886	17	36	4.265000000000e-02	4.523893421169e+00	-7.991813067081e-03	-4.189455124358e-02	4.941136917923e+01
887	17	37	4.265000000000e-02	4.649557127313e+00	-2.678015657925e-03	-4.256583996747e-02	4.940334320685e+01
888	17	38	4.265000000000e-02	4.775220833456e+00	2.678015657925e-03	-4.256583996747e-02	4.940334320685e+01
889	17	39	4.265000000000e-02	4.900884539600e+00	7.991813067081e-03	-4.189455124358e-02	4.941136917923e+01
890	17	40	4.265000000000e-02	5.026548245744e+00	1.317957481009e-02	-4.056256041999e-02	4.942751997518e+01
891	17	41	4.265000000000e-02	5.152211951887e+00	1.815948678525e-02	-3.859087378768e-02	4.945199874290e+01
892	17	42	4.265000000000e-02	5.277875658031e+00	2.285301280585e-02	-3.601058602266e-02	4.948512455092e+01
893	17	43	4.265000000000e-02	5.403539364174e+00	2.718613316278e-02	-3.286238980439e-02	4.952735183335e+01
894	17	44	4.265000000000e-02	5.529203070318e+00	3.109051195952e-02	-2.919593406786e-02	4.957930064186e+01
895	17	45	4.265000000000e-02	5.654866776462e+00	3.450457481009e-02	-2.506904101027e-02	4.964180285041e+01
896	17	46	4.265000000000e-02	5.780530482605e+00	3.737447990387e-02	-2.054679420044e-02	4.971597305909e+01
897	17	47	4.265000000000e-02	5.906194188749e+00	3.965496712313e-02	-1.570051217200e-02	4.980331852978e+01
898	17	48	4.265000000000e-02	6.031857894892e+00	4.131007182214e-02	-1.060662368758e-02	4.990590733900e+01
899	17	49	4.265000000000e-02	6.157521601036e+00	4.231369201106e-02	-5.345462411518e-03	5.002658978200e+01
900	18	0	4.510000000000e-02	0.000000000000e+00	4.510000000000e-02	0.000000000000e+00	5.013457693407e+01
901	18	1	4.510000000000e-02	1.256637061436e-01	4.474437302928e-02	5.652528833750e-03	5.031361908790e+01
902	18	2	4.510000000000e-02	2.513274122872e-01	4.368310056690e-02	1.121591391113e-02	5.051211987641e+01
903	18	3	4.510000000000e-02	3.769911184308e-01	4.193291951356e-02	1.660241732608e-02	5.071968690031e+01
904	18	4	4.510000000000e-02	5.026548245744e-01	3.952143126998e-02	2.172709070199e-02	5.092792892866e+01
905	18	5	4.510000000000e-02	6.283185307180e-01	3.648666644631e-02	2.650911487839e-02	5.112983878543e+01
906	18	6	4.510000000000e-02	7.539822368616e-01	3.287648509671e-02	3.087307447738e-02	5.131941947697e+01
907	18	7	4.510000000000e-02	8.796459430051e-01	2.874782193767e-02	3.475014724919e-02	5.149150679758e+01
908	18	8	4.510000000000e-02	1.005309649149e+00	2.416578845355e-02	3.807918944014e-02	5.164169197098e+01
909	18	9	4.510000000000e-02	1.130973355292e+00	1.920264604958e-02	4.080770006622e-02	5.176629335564e+01
910	18	10	4.510000000000e-02	1.256637061436e+00	1.393666644631e-02	4.289264888491e-02	5.186235180406e+01
911	18	11	4.510000000000e-02	1.382300767580e+00	8.450897287816e-03	4.430115500786e-02	5.192763640016e+01
912	18	12	4.510000000000e-02	1.507964473723e+00	2.831852430772e-03	4.501100545212e-02	5.196065326125e+01
913	18	13	4.510000000000e-02	1.633628179867e+00	-2.831852430772e-03	4.501100545212e-02	5.196065326125e+01
914	18	14	4.510000000000e-02	1.759291886010e+00	-8.450897287816e-03	4.430115500786e-02	5.192763640016e+01
915	18	15	4.510000000000e-02	1.884955592154e+00	-1.393666644631e-02	4.289264888491e-02	5.186235180406e+01
916	18	16	4.510000000000e-02	2.010619298297e+00	-1.920264604958e-02	4.080770006622e-02	5.176629335564e+01
917	18	17	4.510000000000e-02	2.136283004441e+00	-2.416578845355e-02	3.807918944014e-02	5.164169197098e+01
918	18	18	4.510000000000e-02	2.261946710585e+00	-2.874782193767e-02	3.475014724919e-02	5.149150679758e+01
919	18	19	4.510000000000e-02	2.387610416728e+00	-3.287648509671e-02	3.087307447738e-02	5.131941947697e+01
920	18	20	4.510000000000e-02	2.513274122872e+00	-3.648666644631e-02	2.650911487839e-02	5.112983878543e+01
921	18	21	4.510000000000e-02	2.638937829015e+00	-3.952143126998e-02	2.172709070199e-02	5.092792892866e+01
922	18	22	4.510000000000e-02	2.764601535159e+00	-4.193291951356e-02	1.660241732608e-02	5.071968690031e+01
923	18	23	4.510000000000e-02	2.890265241303e+00	-4.368310056690e-02	1.121591391113e-02	5.051211987641e+01
924	18	24	4.510000000000e-02	3.015928947446e+00	-4.474437302928e-02	5.652528833750e-03	5.031361908790e+01
925	18	25	4.510000000000e-02	3.141592653590e+00	-4.510000000000e-02	-1.450526630008e-17	5.013457693407e+01
926	18	26	4.510000000000e-02	3.267256359733e+00	-4.474437302928e-02	-5.652528833750e-03	4.998655647768e+01
927	18	27	4.510000000000e-02	3.392920065877e+00	-4.368310056690e-02	-1.121591391113e-02	4.986315262870e+01
928	18	28	4.510000000000e-02	3.518583772021e+00	-4.193291951356e-02	-1.660241732608e-02	4.975904961629e+01
929	18	29	4.510000000000e-02	3.644247478164e+00	-3.952143126998e-02	-2.172709070199e-02	4.967077143216e+01
930	18	30	4.510000000000e-02	3.769911184308e+00	-3.648666644631e-02	-2.650911487839e-02	4.959598720115e+01
931	18	31	4.510000000000e-02	3.895574890451e+00	-3.287648509671e-02	-3.087307447738e-02	4.953306356068e+01
932	18	32	4.510000000000e-02	4.021238596595e+00	-2.874782193767e-02	-3.475014724919e-02	4.948081844919e+01
933	18	33	4.510000000000e-02	4.146902302739e+00	-2.416578845355e-02	-3.807918944014e-02	4.943838094688e+01
934	18	34	4.510000000000e-02	4.272566008882e+00	-1.920264604958e-02	-4.080770006622e-02	4.940510718686e+01
935	18	35	4.510000000000e-02	4.398229715026e+00	-1.393666644631e-02	-4.289264888491e-02	4.938052780699e+01
936	18	36	4.510000000000e-02	4.523893421169e+00	-8.450897287816e-03	-4.430115500786e-02	4.936431442182e+01
937	18	37	4.510000000000e-02	4.649557127313e+00	-2.831852430772e-03	-4.501100545212e-02	4.935625842047e+01
938	18	38	4.510000000000e-02	4.775220833456e+00	2.831852430772e-03	-4.501100545212e-02	4.935625842047e+01
939	18	39	4.510000000000e-02	4.900884539600e+00	8.450897287816e-03	-4.430115500786e-02	4.936431442182e+01
940	18	40	4.510000000000e-02	5.026548245744e+00	1.393666644631e-02	-4.289264888491e-02	4.938052780700e+01
941	18	41	4.510000000000e-02	5.152211951887e+00	1.920264604958e-02	-4.080770006622e-02	4.940510718686e+01
942	18	42	4.510000000000e-02	5.277875658031e+00	2.416578845355e-02	-3.807918944014e-02	4.943838094688e+01
943	18	43	4.510000000000e-02	5.403539364174e+00	2.874782193767e-02	-3.475014724919e-02	4.948081844919e+01
944	18	44	4.510000000000e-02	5.529203070318e+00	3.287648509671e-02	-3.087307447738e-02	4.953306356068e+01
945	18	45	4.510000000000e-02	5.654866776462e+00	3.648666644631e-02	-2.650911487839e-02	4.959598720115e+01
946	18	46	4.510000000000e-02	5.780530482605e+00	3.952143126998e-02	-2.172709070199e-02	4.967077143216e+01
947	18	47	4.510000000000e-02	5.906194188749e+00	4.193291951356e-02	-1.660241732608e-02	4.975904961629e+01
948	18	48	4.510000000000e-02	6.031857894892e+00	4.368310056690e-02	-1.121591391113e-02	4.986315262870e+01
949	18	49	4.510000000000e-02	6.157521601036e+00	4.474437302928e-02	-5.652528833750e-03	4.998655647768e+01
950	19	0	4.755000000000e-02	0.000000000000e+00	4.755000000000e-02	0.000000000000e+00	5.009630463622e+01
951	19	1	4.755000000000e-02	1.256637061436e-01	4.717505404750e-02	5.959595255983e-03	5.028898394538e+01
952	19	2	4.755000000000e-02	2.513274122872e-01	4.605612931167e-02	1.182520413469e-02	5.050335320186e+01
953	19	3	4.755000000000e-02	3.769911184308e-01	4.421087190399e-02	1.750432248016e-02	5.072704161101e+01
954	19	4	4.755000000000e-02	5.026548245744e-01	4.166838263609e-02	2.290738720354e-02	5.095092481244e+01
955	19	5	4.755000000000e-02	6.283185307180e-01	3.846875808253e-02	2.794918874651e-02	5.116757425450e+01
956	19	6	4.755000000000e-02	7.539822368616e-01	3.466245823389e-02	3.255021488691e-02	5.137068136999e+01
957	19	7	4.755000000000e-02	8.796459430051e-01	3.030951071255e-02	3.663790469399e-02	5.155482733683e+01
958	19	8	4.755000000000e-02	1.005309649149e+00	2.547856410125e-02	4.014779285762e-02	5.171538959787e+01
959	19	9	4.755000000000e-02	1.130973355292e+00	2.024580531392e-02	4.302452634476e-02	5.184850857092e+01
960	19	10	4.755000000000e-02	1.256637061436e+00	1.469375808253e-02	4.522273734983e-02	5.195108187930e+01
961	19	11	4.755000000000e-02	1.382300767580e+00	8.909981508551e-03	4.670775877215e-02	5.202077033638e+01
962	19	12	4.755000000000e-02	1.507964473723e+00	2.985689203619e-03	4.745617093676e-02	5.205600738050e+01
963	19	13	4.755000000000e-02	1.633628179867e+00	-2.985689203619e-03	4.745617093676e-02	5.205600738050e+01
964	19	14	4.755000000000e-02	1.759291886010e+00	-8.909981508551e-03	4.670775877215e-02	5.202077033638e+01
965	19	15	4.755000000000e-02	1.884955592154e+00	-1.469375808253e-02	4.522273734983e-02	5.195108187930e+01
966	19	16	4.755000000000e-02	2.010619298297e+00	-2.024580531392e-02	4.302452634476e-02	5.184850857092e+01
967	19	17	4.755000000000e-02	2.136283004441e+00	-2.547856410125e-02	4.014779285762e-02	5.171538959787e+01
968	19	18	4.755000000000e-02	2.261946710585e+00	-3.030951071255e-02	3.663790469399e-02	5.155482733683e+01
969	19	19	4.755000000000e-02	2.387610416728e+00	-3.466245823389e-02	3.255021488691e-02	5.137068136999e+01
970	19	20	4.755000000000e-02	2.513274122872e+00	-3.846875808253e-02	2.794918874651e-02	5.116757425450e+01
971	19	21	4.755000000000e-02	2.638937829015e+00	-4.166838263609e-02	2.290738720354e-02	5.095092481244e+01
972	19	22	4.755000000000e-02	2.764601535159e+00	-4.421087190399e-02	1.750432248016e-02	5.072704161101e+01
973	19	23	4.755000000000e-02	2.890265241303e+00	-4.605612931167e-02	1.182520413469e-02	5.050335320186e+01
974	19	24	4.755000000000e-02	3.015928947446e+00	-4.717505404750e-02	5.959595255983e-03	5.028898394538e+01
975	19	25	4.755000000000e-02	3.141592653590e+00	-4.755000000000e-02	-1.529324639842e-17	5.009630463622e+01
976	19	26	4.755000000000e-02	3.267256359733e+00	-4.717505404750e-02	-5.959595255983e-03	4.994416245479e+01
977	19	27	4.755000000000e-02	3.392920065877e+00	-4.605612931167e-02	-1.182520413469e-02	4.981914826156e+01
978	19	28	4.755000000000e-02	3.518583772021e+00	-4.421087190399e-02	-1.750432248016e-02	4.971424354164e+01
979	19	29	4.755000000000e-02	3.644247478164e+00	-4.166838263609e-02	-2.290738720354e-02	4.962550604457e+01
980	19	30	4.755000000000e-02	3.769911184308e+00	-3.846875808253e-02	-2.794918874651e-02	4.955043743387e+01
981	19	31	4.755000000000e-02	3.895574890451e+00	-3.466245823389e-02	-3.255021488691e-02	4.948732971029e+01
982	19	32	4.755000000000e-02	4.021238596595e+00	-3.030951071255e-02	-3.663790469399e-02	4.943496241879e+01
983	19	33	4.755000000000e-02	4.146902302739e+00	-2.547856410125e-02	-4.014779285762e-02	4.939244295760e+01
984	19	34	4.755000000000e-02	4.272566008882e+00	-2.024580531392e-02	-4.302452634476e-02	4.935911446459e+01
985	19	35	4.755000000000e-02	4.398229715026e+00	-1.469375808253e-02	-4.522273734983e-02	4.933449953906e+01
986	19	36	4.755000000000e-02	4.523893421169e+00	-8.909981508551e-03	-4.670775877215e-02	4.931826482881e+01
987	19	37	4.755000000000e-02	4.649557127313e+00	-2.985689203619e-03	-4.745617093676e-02	4.931019883185e+01
988	19	38	4.755000000000e-02	4.775220833456e+00	2.985689203619e-03	-4.745617093676e-02	4.931019883185e+01
989	19	39	4.755000000000e-02	4.900884539600e+00	8.909981508551e-03	-4.670775877215e-02	4.931826482881e+01
990	19	40	4.755000000000e-02	5.026548245744e+00	1.469375808253e-02	-4.522273734983e-02	4.933449953906e+01
991	19	41	4.755000000000e-02	5.152211951887e+00	2.024580531392e-02	-4.302452634476e-02	4.935911446460e+01
992	19	42	4.755000000000e-02	5.277875658031e+00	2.547856410125e-02	-4.014779285762e-02	4.939244295760e+01
993	19	43	4.755000000000e-02	5.403539364174e+00	3.030951071255e-02	-3.663790469399e-02	4.943496241879e+01
994	19	44	4.755000000000e-02	5.529203070318e+00	3.466245823389e-02	-3.255021488691e-02	4.948732971029e+01
995	19	45	4.755000000000e-02	5.654866776462e+00	3.846875808253e-02	-2.794918874651e-02	4.955043743387e+01
996	19	46	4.755000000000e-02	5.780530482605e+00	4.166838263609e-02	-2.290738720354e-02	4.962550604457e+01
997	19	47	4.755000000000e-02	5.906194188749e+00	4.421087190399e-02	-1.750432248016e-02	4.971424354164e+01
998	19	48	4.755000000000e-02	6.031857894892e+00	4.605612931167e-02	-1.182520413469e-02	4.981914826156e+01
999	19	49	4.755000000000e-02	6.157521601036e+00	4.717505404750e-02	-5.959595255983e-03	4.994416245479e+01
1000	20	0	5.000000000000e-02	0.000000000000e+00	5.000000000000e-02	0.000000000000e+00	5.005331165076e+01
1001	20	1	5.000000000000e-02	1.256637061436e-01	4.960573506572e-02	6.266661678215e-03	5.026203206313e+01
1002	20	2	5.000000000000e-02	2.513274122872e-01	4.842915805643e-02	1.243449435824e-02	5.049350021053e+01
1003	20	3	5.000000000000e-02	3.769911184308e-01	4.648882429441e-02	1.840622763423e-02	5.073399565064e+01
1004	20	4	5.000000000000e-02	5.026548245744e-01	4.381533400219e-02	2.408768370509e-02	5.097395185833e+01
1005	20	5	5.000000000000e-02	6.283185307180e-01	4.045084971875e-02	2.938926261462e-02	5.120563444681e+01
1006	20	6	5.000000000000e-02	7.539822368616e-01	3.644843137107e-02	3.422735529643e-02	5.142247666083e+01
1007	20	7	5.000000000000e-02	8.796459430051e-01	3.187119948743e-02	3.852566213879e-02	5.161883317240e+01
1008	20	8	5.000000000000e-02	1.005309649149e+00	2.679133974895e-02	4.221639627510e-02	5.178988383790e+01
1009	20	9	5.000000000000e-02	1.130973355292e+00	2.128896457825e-02	4.524135262330e-02	5.193160101811e+01
1010	20	10	5.000000000000e-02	1.256637061436e+00	1.545084971875e-02	4.755282581476e-02	5.204074532084e+01
1011	20	11	5.000000000000e-02	1.382300767580e+00	9.369065729286e-03	4.911436253643e-02	5.211487318109e+01
1012	20	12	5.000000000000e-02	1.507964473723e+00	3.139525976466e-03	4.990133642141e-02	5.215234764771e+01
1013	20	13	5.000000000000e-02	1.633628179867e+00	-3.139525976466e-03	4.990133642141e-02	5.215234764771e+01
1014	20	14	5.000000000000e-02	1.759291886010e+00	-9.369065729286e-03	4.911436253643e-02	5.211487318109e+01
1015	20	15	5.000000000000e-02	1.884955592154e+00	-1.545084971875e-02	4.755282581476e-02	5.204074532084e+01
1016	20	16	5.000000000000e-02	2.010619298297e+00	-2.128896457825e-02	4.524135262330e-02	5.193160101811e+01
1017	20	17	5.000000000000e-02	2.136283004441e+00	-2.679133974895e-02	4.221639627510e-02	5.178988383790e+01
1018	20	18	5.000000000000e-02	2.261946710585e+00	-3.187119948743e-02	3.852566213879e-02	5.161883317240e+01
1019	20	19	5.000000000000e-02	2.387610416728e+00	-3.644843137107e-02	3.422735529643e-02	5.142247666083e+01
1020	20	20	5.000000000000e-02	2.513274122872e+00	-4.045084971875e-02	2.938926261462e-02	5.120563444681e+01
1021	20	21	5.000000000000e-02	2.638937829015e+00	-4.381533400219e-02	2.408768370509e-02	5.097395185833e+01
1022	20	22	5.000000000000e-02	2.764601535159e+00	-4.648882429441e-02	1.840622763423e-02	5.073399565064e+01
1023	20	23	5.000000000000e-02	2.890265241303e+00	-4.842915805643e-02	1.243449435824e-02	5.049350021053e+01
1024	20	24	5.000000000000e-02	3.015928947446e+00	-4.960573506572e-02	6.266661678215e-03	5.026203206313e+01
1025	20	25	5.000000000000e-02	3.141592653590e+00	-5.000000000000e-02	-1.608122649677e-17	5.005331165076e+01
1026	20	26	5.000000000000e-02	3.267256359733e+00	-4.960573506572e-02	-6.266661678215e-03	4.989945246675e+01
1027	20	27	5.000000000000e-02	3.392920065877e+00	-4.842915805643e-02	-1.243449435824e-02	4.977405911460e+01
1028	20	28	5.000000000000e-02	3.518583772021e+00	-4.648882429441e-02	-1.840622763423e-02	4.966903907103e+01
1029	20	29	5.000000000000e-02	3.644247478164e+00	-4.381533400219e-02	-2.408768370509e-02	4.958027479646e+01
1030	20	30	5.000000000000e-02	3.769911184308e+00	-4.045084971875e-02	-2.938926261462e-02	4.950521602250e+01
1031	20	31	5.000000000000e-02	3.895574890451e+00	-3.644843137107e-02	-3.422735529643e-02	4.944213348840e+01
1032	20	32	5.000000000000e-02	4.021238596595e+00	-3.187119948743e-02	-3.852566213879e-02	4.938979644669e+01
1033	20	33	5.000000000000e-02	4.146902302739e+00	-2.679133974895e-02	-4.221639627510e-02	4.934730679962e+01
1034	20	34	5.000000000000e-02	4.272566008882e+00	-2.128896457825e-02	-4.524135262330e-02	4.931400456629e+01
1035	20	35	5.000000000000e-02	4.398229715026e+00	-1.545084971875e-02	-4.755282581476e-02	4.928941051521e+01
1036	20	36	5.000000000000e-02	4.523893421169e+00	-9.369065729286e-03	-4.911436253643e-02	4.927319021508e+01
1037	20	37	5.000000000000e-02	4.649557127313e+00	-3.139525976466e-03	-4.990133642141e-02	4.926513155925e+01
1038	20	38	5.000000000000e-02	4.775220833456e+00	3.139525976466e-03	-4.990133642141e-02	4.926513155925e+01
1039	20	39	5.000000000000e-02	4.900884539600e+00	9.369065729286e-03	-4.911436253643e-02	4.927319021508e+01
1040	20	40	5.000000000000e-02	5.026548245744e+00	1.545084971875e-02	-4.755282581476e-02	4.928941051521e+01
1041	20	41	5.000000000000e-02	5.152211951887e+00	2.128896457825e-02	-4.524135262330e-02	4.931400456629e+01
1042	20	42	5.000000000000e-02	5.277875658031e+00	2.679133974895e-02	-4.221639627510e-02	4.934730679962e+01
1043	20	43	5.000000000000e-02	5.403539364174e+00	3.187119948743e-02	-3.852566213879e-02	4.938979644669e+01
1044	20	44	5.000000000000e-02	5.529203070318e+00	3.644843137107e-02	-3.422735529643e-02	4.944213348840e+01
1045	20	45	5.000000000000e-02	5.654866776462e+00	4.045084971875e-02	-2.938926261462e-02	4.950521602250e+01
1046	20	46	5.000000000000e-02	5.780530482605e+00	4.381533400219e-02	-2.408768370509e-02	4.958027479646e+01
1047	20	47	5.000000000000e-02	5.906194188749e+00	4.648882429441e-02	-1.840622763423e-02	4.966903907103e+01
1048	20	48	5.000000000000e-02	6.031857894892e+00	4.842915805643e-02	-1.243449435824e-02	4.977405911460e+01
1049	20	49	5.000000000000e-02	6.157521601036e+00	4.960573506572e-02	-6.266661678215e-03	4.989945246675e+01
